school_id,lng,lat,school,county,subcounty,n,N,prev
1,39.754322052002,-3.95096158981323,Bahari,Kilifi,Kilifi South,3,48,6.25
2,40.1138496398926,-3.21961998939514,Barani,Kilifi,Kilifi South,2,60,3.33333333333333
3,39.6927108764648,-3.83312034606934,Chije,Kilifi,Kilifi South,1,55,1.81818181818182
4,39.7817230224609,-3.89202666282654,Kikambala,Kilifi,Kilifi South,0,50,0
5,39.6777420043945,-3.75559329986572,Kolongoni,Kilifi,Kilifi South,0,44,0
6,39.711540222168,-3.88364338874817,Tunzanani,Kilifi,Kilifi South,0,50,0
7,40.1161460876465,-3.23976707458496,Karima,Kilifi,Malindi,0,50,0
8,40.0655632019043,-3.16665363311768,Kiswani,Kilifi,Magarini,0,50,0
9,39.9855346679688,-3.25314664840698,Arabuko,Kilifi,Kilifi North,1,55,1.81818181818182
10,39.7808876037598,-3.90394330024719,Baharini,Kilifi,Kilifi South,1,50,2
11,39.7601623535156,-3.43926668167114,Bale,Kilifi,Ganze,0,55,0
12,40.1138496398926,-3.21961998939514,Barani,Kilifi,Malindi,0,50,0
13,40.1138496398926,-3.21961998939514,Barani,Kilifi,Malindi,11,50,22
14,39.7846717834473,-3.10352492332458,Baricho,Kilifi,Magarini,0,49,0
15,39.9364967346191,-3.18299174308777,Bate,Kilifi,Magarini,14,50,28
16,39.6191673278809,-3.90096497535706,Bedida,Kilifi,Rabai,0,50,0
17,39.7660140991211,-3.86882495880127,Bodoi,Kilifi,Kilifi South,3,54,5.55555555555556
18,39.8740272521973,-3.59412932395935,Bofa,Kilifi,Kilifi North,1,50,2
19,39.795597076416,-3.3278067111969,Bogamachuko,Kilifi,Ganze,0,54,0
20,39.6040000915527,-4.12850999832153,Bombo,Kilifi,Malindi,0,47,0
21,39.5413131713867,-3.89912557601929,Boyani,Kilifi,Rabai,1,53,1.88679245283019
22,40.0785980224609,-3.16168165206909,Burangi,Kilifi,Magarini,1,60,1.66666666666667
23,39.6447486877441,-3.94028329849243,Bwagamoyo,Kilifi,Rabai,0,50,0
24,39.6373062133789,-3.12252497673035,Chakama,Kilifi,Magarini,1,49,2.04081632653061
25,39.8974380493164,-2.90243005752563,Chamari,Kilifi,Magarini,0,50,0
26,39.5968360900879,-3.91790843009949,Changombe,Kilifi,Rabai,5,50,10
27,39.6325149536133,-3.88232207298279,Chauringo,Kilifi,Rabai,4,59,6.77966101694915
28,39.6153221130371,-3.91481995582581,Chiferi,Kilifi,Rabai,9,50,18
29,39.768928527832,-3.79843664169312,Chodari,Kilifi,Kilifi South,4,55,7.27272727272727
30,39.7826995849609,-3.48652172088623,Danicha,Kilifi,Ganze,0,50,0
31,39.8355178833008,-3.57900166511536,Dera 1,Kilifi,Kilifi North,2,49,4.08163265306122
32,39.7513275146484,-3.29600167274475,Dzikunze,Kilifi,Ganze,0,54,0
33,39.8294372558594,-3.52330946922302,Ezamoyo,Kilifi,Kilifi North,0,49,0
34,39.765796661377,-3.46875333786011,Fumbini,Kilifi,Ganze,0,47,0
35,40.0970840454102,-3.27504062652588,Gahaleni,Kilifi,Magarini,3,55,5.45454545454545
36,39.8910903930664,-3.13112664222717,Garashi,Kilifi,Magarini,3,49,6.12244897959184
37,39.5113143920898,-3.81483840942383,Gogoraruhe,Kilifi,Kaloleni,0,50,0
38,40.0108413696289,-3.20636510848999,Goshi,Kilifi,Malindi,0,53,0
39,39.5986785888672,-3.698970079422,Hademu,Kilifi,Kaloleni,12,47,25.531914893617
40,39.4904289245605,-3.72117495536804,Ikanga,Kilifi,Kaloleni,0,50,0
41,39.6946182250977,-3.87766432762146,Jeuri,Kilifi,Rabai,0,59,0
42,39.8460006713867,-3.53709673881531,Jeza Dhomu,Kilifi,Kilifi North,2,51,3.92156862745098
43,40.0314483642578,-3.31450343132019,Jimba,Kilifi,Rabai,1,50,2
44,40.0314483642578,-3.31450343132019,Jimba,Kilifi,Kilifi North,0,52,0
45,39.7442932128906,-3.85965156555176,Junju,Kilifi,Kilifi South,0,48,0
46,39.5053977966309,-3.85006666183472,Kandzonzo,Kilifi,Kaloleni,0,50,0
47,39.5020179748535,-3.87677502632141,Kaptuku,Kilifi,Kaloleni,1,45,2.22222222222222
48,39.9842758178711,-3.12473821640015,Karimboni,Kilifi,Magarini,0,50,0
49,39.8521766662598,-3.62398099899292,Kasarani,Kilifi,Kilifi North,1,49,2.04081632653061
50,39.6066780090332,-3.88092470169067,Kasidi,Kilifi,Rabai,0,50,0
51,40.0012397766113,-3.17954659461975,Kavunya Lalo,Kilifi,Malindi,0,46,0
52,39.6617469787598,-3.86656999588013,Kaya,Kilifi,Rabai,0,60,0
53,39.5574645996094,-3.62580490112305,Keresa,Kilifi,Ganze,0,48,0
54,39.5473327636719,-3.83899664878845,Kibaokiche,Kilifi,Kaloleni,0,50,0
55,40.1368141174316,-2.93853330612183,Kibaoni,Kilifi,Magarini,0,54,0
56,39.5347557067871,-3.74892330169678,Kinagoni,Kilifi,Kaloleni,0,49,0
57,40.0960083007812,-3.1459584236145,Kipanga Ajeni,Kilifi,Magarini,1,59,1.69491525423729
58,39.4802589416504,-3.75662326812744,Kirumbi,Kilifi,Kaloleni,0,60,0
59,39.6217842102051,-4.02449321746826,Kisumu Ndogo,Kilifi,Malindi,0,100,0
60,39.8660697937012,-3.61516523361206,Kiwandani,Kilifi,Kilifi North,0,50,0
61,39.5244903564453,-3.92052841186523,Kokotoni,Kilifi,Rabai,2,57,3.50877192982456
62,39.7482490539551,-3.14515328407288,Kombeni,Kilifi,Malindi,0,51,0
63,39.9333992004395,-3.09729337692261,Kundeni,Kilifi,Magarini,4,49,8.16326530612245
64,40.1019668579102,-3.23708343505859,Kwa Chocha,Kilifi,Malindi,1,50,2
65,40.0299949645996,-3.22982335090637,Kwa Upanga,Kilifi,Magarini,3,50,6
66,39.6770248413086,-3.70203995704651,Lubondo,Kilifi,Kilifi South,1,42,2.38095238095238
67,39.8590965270996,-3.62728595733643,Mabirikani,Kilifi,Kilifi North,1,49,2.04081632653061
68,40.1114311218262,-3.16061973571777,Maboromokoni Ecd,Kilifi,Magarini,1,50,2
69,40.101863861084,-3.1620147228241,Maboromokoni Nurse,Kilifi,Magarini,1,50,2
70,39.9748115539551,-3.18341994285583,Madunguni,Kilifi,Malindi,0,51,0
71,39.4923439025879,-3.83267164230347,Madzimbani,Kilifi,Kaloleni,0,50,0
72,39.7403411865234,-3.58488345146179,Magogoni,Kilifi,Ganze,0,42,0
73,39.7882537841797,-3.66734671592712,Majajani,Kilifi,Kilifi North,10,37,27.027027027027
74,39.6462898254395,-3.8336067199707,Majengo,Kilifi,Kaloleni,2,53,3.77358490566038
75,39.6462898254395,-3.8336067199707,Majengo,Kilifi,Malindi,0,50,0
76,39.6058807373047,-3.86964631080627,Makanzani,Kilifi,Rabai,0,50,0
77,39.5920791625977,-3.79414343833923,Makomboani,Kilifi,Kaloleni,1,52,1.92307692307692
78,39.7382850646973,-3.42807340621948,Mangudho,Kilifi,Ganze,0,51,0
79,39.7550010681152,-3.80376505851746,Mapawa,Kilifi,Kilifi South,1,56,1.78571428571429
80,39.9597816467285,-3.02846169471741,Marafa,Kilifi,Magarini,0,50,0
81,40.1448059082031,-2.86297011375427,Marereni,Kilifi,Magarini,1,50,2
82,40.1448059082031,-2.86297011375427,Marereni,Kilifi,Ganze,0,41,0
83,39.8228149414062,-3.14517998695374,Marikano,Kilifi,Malindi,0,54,0
84,39.4678077697754,-3.63048672676086,Maryango,Kilifi,Ganze,0,44,0
85,39.7725982666016,-3.5245099067688,Masindeni,Kilifi,Ganze,0,49,0
86,39.727783203125,-3.88200330734253,Matandale,Kilifi,Kilifi South,1,50,2
87,39.8000373840332,-3.67911338806152,Mavueni,Kilifi,Kilifi North,1,50,2
88,40.0695114135742,-3.20848321914673,Maziwani,Kilifi,Magarini,0,52,0
89,40.0158271789551,-3.14441823959351,Mbaoni,Kilifi,Magarini,1,60,1.66666666666667
90,40.0763778686523,-3.29180836677551,Mbarakachembe,Kilifi,Kilifi North,1,54,1.85185185185185
91,39.6874732971191,-3.73290824890137,Mbomboni,Kilifi,Kilifi South,2,50,4
92,39.9434127807617,-3.33874821662903,Mida Majaoni,Kilifi,Kilifi North,1,52,1.92307692307692
93,39.5148086547852,-3.89769005775452,Migundini,Kilifi,Kaloleni,1,56,1.78571428571429
94,40.0023918151855,-3.26237177848816,Mijomboni Centre,Kilifi,Kilifi North,3,51,5.88235294117647
95,39.740650177002,-3.47822666168213,Mikalanzani,Kilifi,Ganze,0,48,0
96,39.5893592834473,-3.86197447776794,Mikomani,Kilifi,Rabai,0,50,0
97,39.7010536193848,-3.79784774780273,Mitulani,Kilifi,Kilifi South,0,54,0
98,40.0611114501953,-3.23305177688599,Miwani,Kilifi,Magarini,0,54,0
99,39.920036315918,-3.36120176315308,Mkangagani,Kilifi,Kilifi North,0,53,0
100,39.7223281860352,-3.14104342460632,Mkondoni,Kilifi,Malindi,1,54,1.85185185185185
101,39.6147117614746,-3.87333607673645,Mleji,Kilifi,Rabai,0,50,0
102,39.8393402099609,-3.64495325088501,Mnarani,Kilifi,Kilifi North,0,47,0
103,39.4820785522461,-3.69369173049927,Mnazimwenga,Kilifi,Kaloleni,0,49,0
104,39.934268951416,-3.20550489425659,Mongotini,Kilifi,Malindi,1,60,1.66666666666667
105,39.8504409790039,-3.6295473575592,Mtaani,Kilifi,Kilifi North,0,50,0
106,39.7428512573242,-3.81039333343506,Mto Mkuu,Kilifi,Kilifi South,1,39,2.56410256410256
107,39.8687133789062,-3.57877612113953,Mtondia,Kilifi,Kilifi North,10,50,20
108,40.140380859375,-2.70146417617798,Mtoroni,Kilifi,Magarini,1,49,2.04081632653061
109,39.7940483093262,-3.55572843551636,Mtsanganyiko,Kilifi,Kilifi North,1,30,3.33333333333333
110,39.5739631652832,-3.92449808120728,Muelei,Kilifi,Rabai,5,53,9.43396226415094
111,40.1728401184082,-2.81261944770813,Muyu Wa Kae,Kilifi,Magarini,0,49,0
112,39.7830924987793,-3.69368171691895,Mwakuhenga,Kilifi,Kilifi North,2,47,4.25531914893617
113,39.4958381652832,-3.668288230896,Mwakwala,Kilifi,Ganze,0,47,0
114,39.6893463134766,-3.8639349937439,Mwanawiji,Kilifi,Kaloleni,3,54,5.55555555555556
115,39.6249732971191,-3.83999562263489,Mwandodo,Kilifi,Rabai,1,40,2.5
116,40.0499114990234,-3.14551496505737,Mwangatini,Kilifi,Magarini,1,54,1.85185185185185
117,39.6682662963867,-3.76452493667603,Mwangaza,Kilifi,Kilifi South,0,53,0
118,39.692741394043,-3.80002856254578,Mwarakaya,Kilifi,Kilifi South,0,44,0
119,39.9630355834961,-3.31506657600403,Mzizima,Kilifi,Kilifi North,0,50,0
120,40.1095695495605,-3.22470474243164,Ngala,Kilifi,Malindi,1,50,2
121,39.8624153137207,-3.51353883743286,Ngerenya,Kilifi,Kilifi North,0,50,0
122,39.6206932067871,-3.82016491889954,Ngome,Kilifi,Kaloleni,2,50,4
123,39.7886734008789,-3.65472340583801,Nzombere,Kilifi,Kilifi North,0,49,0
124,39.5291404724121,-3.63543844223022,Nzovuni,Kilifi,Ganze,0,45,0
125,40.0899887084961,-3.17233490943909,Oasis Academy,Kilifi,Magarini,0,50,0
126,39.8447723388672,-3.63396525382996,Old Ferry,Kilifi,Kilifi North,1,49,2.04081632653061
127,39.6076469421387,-3.62365674972534,Palakumi,Kilifi,Ganze,0,49,0
128,39.6377105712891,-3.88891816139221,Pendeza,Kilifi,Rabai,1,59,1.69491525423729
129,39.5566520690918,-3.95742607116699,Pipeline,Kilifi,Rabai,3,58,5.17241379310345
130,39.9051055908203,-3.43818497657776,Roka,Kilifi,Kilifi North,1,59,1.69491525423729
131,39.4982795715332,-3.63923668861389,Shaka,Kilifi,Ganze,0,50,0
132,40.9134788513184,-2.29332494735718,Shella,Kilifi,Malindi,4,50,8
133,40.0595397949219,-2.97916674613953,Shomela,Kilifi,Magarini,1,54,1.85185185185185
134,40.1126441955566,-2.90706992149353,Sogorosa,Kilifi,Magarini,0,55,0
135,40.0635986328125,-3.13396835327148,Songerako,Kilifi,Magarini,0,60,0
136,39.7822914123535,-3.47070670127869,Sosola Juu,Kilifi,Ganze,0,41,0
137,40.0449371337891,-3.29531168937683,Soyosoyo,Kilifi,Kilifi North,2,54,3.7037037037037
138,39.7570991516113,-3.95149493217468,Steps Academy,Kilifi,Kilifi South,1,25,4
139,40.1025733947754,-3.24992656707764,Takaye,Kilifi,Malindi,1,50,2
140,39.8529396057129,-3.53748559951782,Tezo,Kilifi,Kilifi North,0,50,0
141,39.6616706848145,-3.64257001876831,Tsanzuni,Kilifi,Ganze,0,50,0
142,39.7743873596191,-3.28661489486694,Usafi,Kilifi,Ganze,0,54,0
143,39.5395088195801,-3.94172501564026,Uwanja Wa Ndege,Kilifi,Rabai,2,60,3.33333333333333
144,39.9387664794922,-3.41162490844727,Uyombo,Kilifi,Kilifi North,1,60,1.66666666666667
145,39.6212158203125,-3.84038496017456,Vishakani,Kilifi,Kaloleni,1,53,1.88679245283019
146,39.9834671020508,-3.01263332366943,Vitunguni,Kilifi,Magarini,0,60,0
147,39.5926322937012,-3.81808662414551,Waa,Kilifi,Kaloleni,0,50,0
148,40.0003280639648,-2.9616117477417,Waresa,Kilifi,Magarini,0,52,0
149,40.0130348205566,-3.3528516292572,Watamu,Kilifi,Kilifi North,7,53,13.2075471698113
150,39.7201690673828,-3.75042843818665,Ziani,Kilifi,Kilifi South,0,48,0
151,37.7623481750488,-3.26614665985107,Ziwani,Kilifi,Magarini,0,46,0
152,39.8514060974121,-3.59317326545715,Mwezangombe,Kilifi,Kilifi North,0,49,0
153,39.0162239074707,-4.23687505722046,Bidinimole,Kwale,Lunga Lunga,0,55,0
154,39.6071853637695,-4.02197504043579,Bokole,Kwale,Kinango,3,50,6
155,39.6040000915527,-4.12850999832153,Bombo,Kwale,Matuga,0,50,0
156,39.1686859130859,-4.5803279876709,Bondeni A,Kwale,Lunga Lunga,0,51,0
157,39.5530853271484,-4.28616523742676,Bongwe,Kwale,Msambweni,4,29,13.7931034482759
158,39.2699089050293,-4.49467849731445,Bumbuni,Kwale,Lunga Lunga,1,51,1.96078431372549
159,39.0713882446289,-4.12787008285522,Busa,Kwale,Kinango,1,48,2.08333333333333
160,39.5720825195312,-4.22243022918701,Chai,Kwale,Matuga,0,49,0
161,39.3673934936523,-3.85857510566711,Chigombero A,Kwale,Kinango,0,51,0
162,39.5042495727539,-4.20359182357788,Chirimani,Kwale,Matuga,2,50,4
163,39.4930000305176,-4.03993368148804,Chizini,Kwale,Kinango,0,57,0
164,39.5778312683105,-4.24736833572388,Chongolo,Kwale,Matuga,3,49,6.12244897959184
165,39.2965431213379,-4.14291572570801,Chongomundu,Kwale,Kinango,0,50,0
166,39.3678016662598,-3.78875160217285,Deri,Kwale,Kinango,1,49,2.04081632653061
167,39.4252548217773,-4.49941158294678,Fahamuni,Kwale,Msambweni,9,50,18
168,39.5365600585938,-3.97046875953674,Fulugani,Kwale,Kinango,0,50,0
169,39.2066650390625,-4.41526508331299,Gandini,Kwale,Lunga Lunga,0,51,0
170,39.2066650390625,-4.41526508331299,Gandini,Kwale,Kinango,0,52,0
171,39.3172760009766,-4.07934331893921,Gede,Kwale,Kinango,0,49,0
172,39.1125144958496,-4.004798412323,Kariaka,Kwale,Kinango,1,49,2.04081632653061
173,39.636173248291,-4.02753639221191,Kibarani,Kwale,Matuga,5,51,9.80392156862745
174,39.5658264160156,-4.28472328186035,Kilolapwa,Kwale,Msambweni,0,45,0
175,39.5069313049316,-4.35647392272949,Kilole,Kwale,Msambweni,12,49,24.4897959183673
176,39.5866470336914,-4.23089838027954,Kirudi,Kwale,Matuga,0,50,0
177,39.6069221496582,-4.12180662155151,Kiteje-Ziwani,Kwale,Matuga,9,50,18
178,39.2470092773438,-4.03297519683838,Kituu,Kwale,Kinango,0,43,0
179,39.211498260498,-4.60647439956665,Kiwegu C,Kwale,Lunga Lunga,0,52,0
180,39.314567565918,-4.35269832611084,Lukore,Kwale,Matuga,0,53,0
181,39.5253105163574,-4.0536003112793,Lutsangani,Kwale,Kinango,0,49,0
182,39.5253105163574,-4.0536003112793,Lutsangani,Kwale,Kinango,0,50,0
183,39.1261672973633,-4.15019845962524,Maphanga,Kwale,Kinango,0,39,0
184,39.474048614502,-4.38072299957275,Magaoni,Kwale,Msambweni,2,47,4.25531914893617
185,39.558177947998,-4.30178356170654,Magutu,Kwale,Msambweni,4,50,8
186,39.4308815002441,-4.31527519226074,Majimboni,Kwale,Matuga,0,54,0
187,39.2443046569824,-3.9855785369873,Makamini,Kwale,Kinango,0,42,0
188,39.0926704406738,-4.55186653137207,Makwenyeni,Kwale,Lunga Lunga,2,56,3.57142857142857
189,39.5565147399902,-4.32340335845947,Malalani,Kwale,Msambweni,5,49,10.2040816326531
190,39.252010345459,-4.55560398101807,Mangawani,Kwale,Lunga Lunga,0,38,0
191,39.2303848266602,-4.49442481994629,Marenje,Kwale,Lunga Lunga,0,51,0
192,39.4598579406738,-3.93553352355957,Maweu,Kwale,Kinango,0,50,0
193,39.3157005310059,-4.02463150024414,Mbujani,Kwale,Kinango,1,42,2.38095238095238
194,39.5300445556641,-4.29499340057373,Mbuwani,Kwale,Msambweni,3,48,6.25
195,39.5887184143066,-4.16403007507324,Mbweka,Kwale,Matuga,1,43,2.32558139534884
196,39.2531280517578,-4.2571849822998,Miamba,Kwale,Matuga,0,50,0
197,39.3120002746582,-4.17515659332275,Miatsani,Kwale,Matuga,0,48,0
198,39.0020217895508,-4.50624227523804,Mikameni,Kwale,Lunga Lunga,0,50,0
199,39.446361541748,-4.48336172103882,Milalani,Kwale,Msambweni,4,51,7.84313725490196
200,39.43212890625,-4.42733812332153,Mivumoni,Kwale,Msambweni,4,50,8
201,39.5092239379883,-3.99171161651611,Miyani,Kwale,Kinango,0,50,0
202,39.1420249938965,-4.20020818710327,Mkangombe A,Kwale,Kinango,0,45,0
203,39.2587051391602,-4.30436658859253,Mkomba,Kwale,Matuga,1,45,2.22222222222222
204,39.3843994140625,-4.59253549575806,Mkuyuni,Kwale,Lunga Lunga,0,50,0
205,39.5643424987793,-4.29287004470825,Mkwakwani,Kwale,Msambweni,1,48,2.08333333333333
206,39.2300872802734,-4.37396669387817,Mnyalatsoni,Kwale,Matuga,0,54,0
207,39.4866333007812,-3.98703002929688,Mnyenzeni,Kwale,Kinango,0,60,0
208,39.3057518005371,-4.52858543395996,Mshiu,Kwale,Lunga Lunga,3,49,6.12244897959184
209,39.5138626098633,-4.34138488769531,Mtsangatifu,Kwale,Msambweni,6,50,12
210,39.1792144775391,-3.99082541465759,Mulunguni,Kwale,Kinango,0,43,0
211,39.5473899841309,-4.31713819503784,Mvindeni,Kwale,Msambweni,4,50,8
212,39.2703666687012,-4.48095178604126,Mwabovo,Kwale,Lunga Lunga,2,51,3.92156862745098
213,39.3774757385254,-4.46229982376099,Mwachande,Kwale,Msambweni,15,50,30
214,39.5724220275879,-4.25280857086182,Mwachema,Kwale,Matuga,2,50,4
215,39.5547714233398,-4.10845327377319,Mwachipanga,Kwale,Matuga,0,47,0
216,39.0253868103027,-4.35494661331177,Mwakalanga A,Kwale,Lunga Lunga,0,50,0
217,39.1071090698242,-4.15010356903076,Mwakijembe A,Kwale,Kinango,0,51,0
218,39.5740699768066,-4.23690843582153,Mwaligulu,Kwale,Matuga,0,50,0
219,39.4601516723633,-4.36417102813721,Mwaloya,Kwale,Msambweni,3,44,6.81818181818182
220,39.0918273925781,-4.21351146697998,Mwaluvuno,Kwale,Kinango,0,35,0
221,39.3220748901367,-4.47642517089844,Mwambalazi,Kwale,Lunga Lunga,0,45,0
222,39.2133636474609,-4.57361650466919,Mwamose,Kwale,Lunga Lunga,0,52,0
223,39.364803314209,-3.75675845146179,Mwangoloto,Kwale,Kinango,0,44,0
224,39.1911201477051,-4.44098997116089,Mwanguda,Kwale,Lunga Lunga,0,51,0
225,39.1273956298828,-4.40948009490967,Mwangulu,Kwale,Lunga Lunga,0,50,0
226,39.2775917053223,-4.52065992355347,Mwangwei,Kwale,Lunga Lunga,7,50,14
227,39.4961013793945,-4.3072714805603,Mwanjamba,Kwale,Msambweni,5,50,10
228,39.4757881164551,-4.14803314208984,Mwanzwani,Kwale,Matuga,0,60,0
229,39.2688636779785,-3.67974662780762,Mwarophesa,Kwale,Kinango,0,48,0
230,39.4848709106445,-3.93310809135437,Mwashanga,Kwale,Kinango,0,50,0
231,39.5687065124512,-4.16903352737427,Mwatate,Kwale,Matuga,0,48,0
232,39.1376457214355,-4.33765125274658,Mwereni,Kwale,Lunga Lunga,0,50,0
233,39.2335433959961,-4.2685284614563,Mzinji,Kwale,Matuga,0,50,0
234,39.5558700561523,-4.27153491973877,Ngori,Kwale,Msambweni,1,50,2
235,39.1335601806641,-4.09565353393555,Nyalani,Kwale,Kinango,2,43,4.65116279069768
236,39.5403671264648,-4.13264513015747,Nzora,Kwale,Matuga,0,50,0
237,39.400463104248,-4.52505683898926,Ramisi,Kwale,Msambweni,12,48,25
238,39.2831497192383,-3.62012004852295,Silaloni,Kwale,Kinango,0,53,0
239,39.2087326049805,-3.59523177146912,Sirira/Matamji,Kwale,Kinango,0,38,0
240,39.3688507080078,-4.11929845809937,Tsahuni,Kwale,Kinango,0,52,0
241,39.1670799255371,-4.04406023025513,Vigurungani,Kwale,Kinango,0,45,0
242,39.406379699707,-3.91990923881531,Vitsakaviri,Kwale,Kinango,0,50,0
243,39.5614166259766,-4.19547653198242,Voroni,Kwale,Matuga,0,50,0
244,39.5244674682617,-4.26300668716431,Vukani,Kwale,Msambweni,0,48,0
245,39.490348815918,-4.36855173110962,Zigira,Kwale,Msambweni,3,49,6.12244897959184
246,40.905445098877,-2.27893471717834,Langoni,Lamu,Lamu West,13,50,26
247,40.9162483215332,-2.26184177398682,Manda Maganga,Lamu,Lamu West,1,48,2.08333333333333
248,40.8975486755371,-2.26545882225037,Bajuri,Lamu,Lamu West,0,9,0
249,40.7843742370605,-2.04811215400696,Bargoni,Lamu,Lamu West,5,60,8.33333333333333
250,40.7983016967773,-2.13832664489746,Bobo,Lamu,Lamu West,0,34,0
251,40.8565979003906,-2.2098650932312,Bora Imani,Lamu,Lamu West,2,27,7.40740740740741
252,41.1118583679199,-2.05744242668152,Faza,Lamu,Lamu East,4,50,8
253,40.8997650146484,-2.27152800559998,Gadeni,Lamu,Lamu West,5,41,12.1951219512195
254,40.6067695617676,-2.40815997123718,Jericho,Lamu,Lamu West,0,49,0
255,40.3883819580078,-2.34180331230164,Kakate,Lamu,Lamu West,0,31,0
256,40.900634765625,-2.28368496894836,Kihobe,Lamu,Lamu West,29,50,58
257,40.8403701782227,-2.2329638004303,Kilimani,Lamu,Lamu West,3,59,5.08474576271187
258,41.2629737854004,-2.01737570762634,Kiwayuu,Lamu,Lamu East,0,6,0
259,40.6947441101074,-2.44509506225586,Lake Amu,Lamu,Lamu West,2,59,3.38983050847458
260,40.5601043701172,-2.41114497184753,Lumshi,Lamu,Lamu West,1,54,1.85185185185185
261,40.540096282959,-2.41232824325562,Maisha Masha,Lamu,Lamu West,1,50,2
262,40.9382514953613,-2.28248000144958,Manda Maweni,Lamu,Lamu West,1,47,2.12765957446809
263,40.907901763916,-2.28923177719116,Mararani,Lamu,Lamu West,1,51,1.96078431372549
264,40.0397682189941,-1.53313004970551,Mikinduni,Lamu,Lamu West,33,47,70.2127659574468
265,40.6313323974609,-2.34276008605957,Mini Valley,Lamu,Lamu West,2,45,4.44444444444444
266,40.3217124938965,-2.36011171340942,Moa,Lamu,Lamu West,3,41,7.31707317073171
267,40.6491317749023,-2.39475989341736,Mugumoini,Lamu,Lamu West,0,50,0
268,40.7238235473633,-2.40102171897888,Muungano,Lamu,Lamu West,0,59,0
269,41.128173828125,-2.07718920707703,Myabogi,Lamu,Lamu East,5,50,10
270,41.210807800293,-2.0121853351593,Ndau,Lamu,Lamu East,0,2,0
271,40.9969635009766,-2.13980841636658,Pate,Lamu,Lamu East,4,43,9.30232558139535
272,40.6341743469238,-2.28607821464539,Salama,Lamu,Lamu West,0,50,0
273,40.6064682006836,-2.36082172393799,Sefu,Lamu,Lamu West,1,47,2.12765957446809
274,40.9134788513184,-2.29332494735718,Shella,Lamu,Lamu West,0,58,0
275,40.6235427856445,-2.39464163780212,Sinambio,Lamu,Lamu West,0,50,0
276,41.0596580505371,-2.10282897949219,Siyu,Lamu,Lamu East,2,46,4.34782608695652
277,40.7844085693359,-2.38726830482483,Swabaha,Lamu,Lamu West,4,60,6.66666666666667
278,40.7443771362305,-2.41102838516235,Tewe,Lamu,Lamu West,3,60,5
279,40.781852722168,-2.20223665237427,Ungu,Lamu,Lamu West,0,38,0
280,40.8989524841309,-2.26338672637939,Wiyoni,Lamu,Lamu West,7,12,58.3333333333333
281,37.7623481750488,-3.26614665985107,Ziwani,Lamu,Lamu West,1,60,1.66666666666667
282,41.1433219909668,-2.07413125038147,Kizingitini,Lamu,Lamu East,1,48,2.08333333333333
283,39.7817230224609,-3.89202666282654,Kikambala,Mombasa,Likoni,0,49,0
284,39.6571807861328,-4.05049991607666,Abu Hureira,Mombasa,Mvita,0,59,0
285,39.6170921325684,-3.99780249595642,Aldina,Mombasa,Jomvu,0,59,0
286,39.611328125,-3.99797582626343,Aldina Majengo Mapya,Mombasa,Jomvu,0,60,0
287,39.654411315918,-4.07941007614136,Amurt,Mombasa,Likoni,3,50,6
288,39.6675262451172,-4.05569648742676,Arya,Mombasa,Mvita,0,41,0
289,39.6925811767578,-4.03422355651855,Azhar Shariff,Mombasa,Nyali,2,41,4.87804878048781
290,39.684268951416,-4.04239845275879,Badria,Mombasa,Nyali,1,50,2
291,39.7193908691406,-4.00572347640991,Bamburi,Mombasa,Kisauni,1,50,2
292,39.6863708496094,-4.02461624145508,Barsheba,Mombasa,Kisauni,0,45,0
293,39.6803359985352,-4.01577806472778,Bengala,Mombasa,Kisauni,0,50,0
294,39.6806564331055,-4.0244402885437,Bidala,Mombasa,Kisauni,1,38,2.63157894736842
295,39.6071853637695,-4.02197504043579,Bokole,Mombasa,Changamwe,0,50,0
296,39.6143264770508,-4.0258731842041,Bomu,Mombasa,Changamwe,0,50,0
297,39.6360740661621,-4.02016735076904,Bahati,Mombasa,Jomvu,0,57,0
298,39.6960220336914,-4.01195669174194,Bahwan,Mombasa,Nyali,1,58,1.72413793103448
299,39.7193908691406,-4.00572347640991,Bamburi,Mombasa,Kisauni,2,49,4.08163265306122
300,39.6335716247559,-4.01168298721313,Bangladesh,Mombasa,Jomvu,2,60,3.33333333333333
301,39.6709022521973,-4.02009439468384,Bedsimba,Mombasa,Kisauni,0,49,0
302,39.6832962036133,-3.99796867370605,Concordia,Mombasa,Kisauni,0,58,0
303,39.6680526733398,-4.0469799041748,Central Girls,Mombasa,Mvita,1,50,2
304,39.6834945678711,-4.02760219573975,Coast Star Academy,Mombasa,Kisauni,0,28,0
305,39.693775177002,-4.02619647979736,Frere Town,Mombasa,Nyali,0,57,0
306,39.6676979064941,-4.04290151596069,Fahari,Mombasa,Mvita,0,50,0
307,39.6321678161621,-3.99673008918762,Ganahola,Mombasa,Jomvu,1,55,1.81818181818182
308,39.6662483215332,-4.0638165473938,Ganjoni,Mombasa,Mvita,3,47,6.38297872340426
309,39.6299095153809,-4.02487850189209,Hamisi,Mombasa,Changamwe,1,50,2
310,39.6888809204102,-4.04613161087036,Jerusalem,Mombasa,Nyali,0,50,0
311,39.6690216064453,-4.01508474349976,Ngombeni,Mombasa,Kisauni,1,49,2.04081632653061
312,39.649341583252,-4.08360815048218,Jamvi,Mombasa,Likoni,1,49,2.04081632653061
313,39.6260833740234,-4.02749013900757,Johnson Academy,Mombasa,Changamwe,1,47,2.12765957446809
314,39.6941032409668,-4.00403451919556,Kagujo/Matingasi,Mombasa,Kisauni,0,50,0
315,39.6881103515625,-4.03592348098755,Kambi Kikuyu,Mombasa,Nyali,4,50,8
316,39.6870918273926,-4.04288005828857,Karama,Mombasa,Nyali,3,48,6.25
317,39.6878662109375,-4.03845834732056,Karama Catholic,Mombasa,Nyali,0,50,0
318,39.8521766662598,-3.62398099899292,Kasarani,Mombasa,Changamwe,3,49,6.12244897959184
319,39.7024879455566,-3.97861194610596,Kashani,Mombasa,Kisauni,0,50,0
320,39.7006683349609,-3.98584842681885,Kiembeni,Mombasa,Kisauni,2,50,4
321,39.6217842102051,-4.02449321746826,Kisumu Ndogo,Mombasa,Changamwe,0,50,0
322,39.6679382324219,-4.05075454711914,Kaloleni,Mombasa,Mvita,0,50,0
323,39.636173248291,-4.02753639221191,Kibarani,Mombasa,Jomvu,0,59,0
324,39.6698265075684,-4.05111837387085,Kikoani,Mombasa,Mvita,3,50,6
325,39.6456832885742,-4.09481716156006,Kindunguni A,Mombasa,Likoni,1,46,2.17391304347826
326,39.6845550537109,-4.02907085418701,Kisauni Baptist,Mombasa,Kisauni,3,42,7.14285714285714
327,39.6028900146484,-4.03914356231689,Lilongwe,Mombasa,Changamwe,1,47,2.12765957446809
328,39.6537971496582,-4.03912162780762,Little Angel Adonai,Mombasa,Mvita,2,47,4.25531914893617
329,39.615650177002,-4.02628707885742,Magongo,Mombasa,Changamwe,0,50,0
330,39.7192420959473,-3.96403336524963,Majaoni,Mombasa,Kisauni,0,50,0
331,39.6119766235352,-4.0287709236145,Majengo Mapya,Mombasa,Changamwe,0,50,0
332,39.6936683654785,-4.00068950653076,Makobeni,Mombasa,Kisauni,0,50,0
333,39.6956558227539,-4.04272174835205,Maweni,Mombasa,Nyali,1,55,1.81818181818182
334,39.6225204467773,-4.03995847702026,Mbuyuni,Mombasa,Changamwe,1,51,1.96078431372549
335,39.6246223449707,-4.02619171142578,Mcheleni,Mombasa,Changamwe,0,51,0
336,39.6255531311035,-4.03617334365845,Migadini,Mombasa,Changamwe,1,47,2.12765957446809
337,39.6963729858398,-3.99397110939026,Milimani,Mombasa,Kisauni,0,50,0
338,39.6815147399902,-4.02997255325317,Mjambere,Mombasa,Kisauni,2,50,4
339,39.6861991882324,-4.0278468132019,Mlaleo,Mombasa,Kisauni,1,53,1.88679245283019
340,39.6301307678223,-4.03373146057129,Mlolongo,Mombasa,Changamwe,2,50,4
341,39.6964454650879,-4.03968667984009,Mnazi Mmoja,Mombasa,Nyali,0,50,0
342,39.6929931640625,-4.00588607788086,Mtopanga,Mombasa,Kisauni,1,49,2.04081632653061
343,39.6081199645996,-4.02715253829956,Mwangosi,Mombasa,Changamwe,0,50,0
344,39.5741195678711,-4.00825500488281,Maganda,Mombasa,Jomvu,0,50,0
345,39.6462898254395,-3.8336067199707,Majengo,Mombasa,Mvita,1,58,1.72413793103448
346,39.6119766235352,-4.0287709236145,Majengo Mapya,Mombasa,Jomvu,0,50,0
347,39.6550140380859,-4.04069185256958,Makande,Mombasa,Mvita,1,41,2.4390243902439
348,39.659481048584,-4.03339672088623,Mary Cliff,Mombasa,Mvita,1,50,2
349,39.6944961547852,-4.03478002548218,Maweni Little Star,Mombasa,Nyali,3,49,6.12244897959184
350,39.6671485900879,-4.06753826141357,Mbaraki,Mombasa,Mvita,0,50,0
351,39.6009712219238,-3.99408984184265,Mji Wa Ngombe,Mombasa,Jomvu,0,59,0
352,39.6198196411133,-4.02951669692993,Mombasa Friendship Academy,Mombasa,Changamwe,0,53,0
353,39.6744155883789,-4.07178497314453,Mombasa,Mombasa,Mvita,0,49,0
354,39.6014289855957,-3.97615194320679,Mreroni,Mombasa,Jomvu,0,56,0
355,39.5946273803711,-4.0036416053772,Mtaa Wa Waswahili,Mombasa,Jomvu,0,59,0
356,39.6596488952637,-4.08287000656128,Muslim,Mombasa,Likoni,5,49,10.2040816326531
357,39.6604957580566,-4.05307817459106,Mvita,Mombasa,Mvita,3,54,5.55555555555556
358,39.5981864929199,-4.01142501831055,Mwamlai,Mombasa,Jomvu,2,50,4
359,39.6330757141113,-4.02654933929443,New Flats,Mombasa,Changamwe,1,54,1.85185185185185
360,39.6275978088379,-4.03091144561768,Ngaramiti,Mombasa,Changamwe,0,42,0
361,39.6236152648926,-4.0214581489563,National Housing,Mombasa,Changamwe,0,53,0
362,39.6288528442383,-4.02719020843506,Oldflats,Mombasa,Changamwe,0,52,0
363,38.3765144348145,-3.51661157608032,Peleleza,Mombasa,Likoni,4,48,8.33333333333333
364,39.669361114502,-4.07241725921631,Presbyterian Academy,Mombasa,Mvita,0,49,0
365,39.6535835266113,-4.07739496231079,Puma,Mombasa,Likoni,1,48,2.08333333333333
366,39.6980247497559,-4.01220703125,Pwani Junior,Mombasa,Nyali,0,50,0
367,39.6256294250488,-4.02393484115601,Railways,Mombasa,Changamwe,1,49,2.04081632653061
368,39.658275604248,-4.04004144668579,Ronald Ngala,Mombasa,Mvita,1,60,1.66666666666667
369,39.6220512390137,-4.03044652938843,Sadona/Akamba,Mombasa,Changamwe,0,44,0
370,39.67724609375,-4.01893663406372,Simba Wa Junda,Mombasa,Kisauni,0,50,0
371,39.6618309020996,-4.06380844116211,Sacred Heart,Mombasa,Mvita,0,50,0
372,39.6747741699219,-4.06405544281006,Serani,Mombasa,Mvita,1,47,2.12765957446809
373,39.7165908813477,-3.98437333106995,St Barnabas,Mombasa,Kisauni,8,50,16
374,39.698127746582,-4.0578351020813,St .Kelvin Nyali,Mombasa,Nyali,1,55,1.81818181818182
375,39.6694602966309,-4.0686411857605,Star Of The Sea,Mombasa,Mvita,0,50,0
376,39.5763549804688,-4.00535488128662,Station-Miritini,Mombasa,Jomvu,0,49,0
377,39.68310546875,-4.0266580581665,Toa Tugawe,Mombasa,Kisauni,4,58,6.89655172413793
378,39.6686248779297,-4.04604434967041,Tomboya,Mombasa,Mvita,4,50,8
379,39.6642990112305,-4.04695987701416,Triza Junoir,Mombasa,Mvita,0,49,0
380,39.6577033996582,-4.03535985946655,Tudor,Mombasa,Mvita,0,50,0
381,39.7213325500488,-3.97042155265808,Utange,Mombasa,Kisauni,3,49,6.12244897959184
382,37.6912574768066,-3.39677834510803,Vikwatani,Mombasa,Kisauni,0,59,0
383,39.5884590148926,-4.01329851150513,Vikobani,Mombasa,Jomvu,0,50,0
384,39.6168556213379,-4.02247142791748,Wayani,Mombasa,Changamwe,0,50,0
385,39.6999168395996,-4.02617502212524,Ziwa La Ngombe,Mombasa,Nyali,0,59,0
386,37.7623481750488,-3.26614665985107,Ziwani,Mombasa,Mvita,4,50,8
387,39.6447486877441,-3.94028329849243,Bwagamoyo,Mombasa,Likoni,6,55,10.9090909090909
388,39.645206451416,-4.09826850891113,Consolata,Mombasa,Likoni,1,44,2.27272727272727
389,39.6750450134277,-3.93404674530029,Digirikani,Mombasa,Kisauni,3,43,6.97674418604651
390,39.6505355834961,-4.09128332138062,Flats,Mombasa,Likoni,0,53,0
391,39.6436614990234,-4.10445022583008,Inuka,Mombasa,Likoni,1,50,2
392,39.7037734985352,-4.00791597366333,Kadzandani,Mombasa,Nyali,3,46,6.52173913043478
393,39.6456832885742,-4.09481716156006,Kindunguni A,Mombasa,Likoni,1,46,2.17391304347826
394,39.6818542480469,-4.0313606262207,Magodoroni /Kajiweni,Mombasa,Kisauni,4,55,7.27272727272727
395,39.6662292480469,-4.10666179656982,Maji Safi,Mombasa,Likoni,0,49,0
396,39.6657981872559,-4.09194850921631,Makao Mema,Mombasa,Likoni,0,52,0
397,39.6544799804688,-4.04409170150757,Makupa,Mombasa,Mvita,2,49,4.08163265306122
398,39.670581817627,-3.95927667617798,Marimani,Mombasa,Kisauni,8,51,15.6862745098039
399,39.6513481140137,-3.97252011299133,Maunguja,Mombasa,Kisauni,2,50,4
400,39.6956558227539,-4.04272174835205,Maweni,Mombasa,Likoni,0,49,0
401,39.6861991882324,-4.0278468132019,Mlaleo,Mombasa,Nyali,1,49,2.04081632653061
402,39.6525001525879,-4.09283018112183,Mrima Mathare,Mombasa,Likoni,0,58,0
403,39.6500701904297,-3.93583488464355,Mwakirunge,Mombasa,Kisauni,3,43,6.97674418604651
404,39.595386505127,-4.07975912094116,Mwangala,Mombasa,Likoni,5,56,8.92857142857143
405,39.6349716186523,-4.10682821273804,Mwaweche,Mombasa,Likoni,1,46,2.17391304347826
406,39.645263671875,-4.08021831512451,Mweza,Mombasa,Likoni,3,55,5.45454545454545
407,39.6426658630371,-4.09481763839722,Mweza B,Mombasa,Likoni,0,49,0
408,39.6406440734863,-4.09540557861328,Mweza C,Mombasa,Likoni,0,47,0
409,39.6959075927734,-4.02768516540527,Peculliar,Mombasa,Nyali,2,50,4
410,39.6963958740234,-4.04247856140137,Pentrose Community,Mombasa,Nyali,0,54,0
411,39.6351013183594,-4.07883167266846,Petuko,Mombasa,Likoni,14,56,25
412,39.6337242126465,-4.12159824371338,Shika Adabu,Mombasa,Likoni,1,50,2
413,39.6589698791504,-4.08865690231323,Ushindi,Mombasa,Likoni,0,52,0
414,39.6389083862305,-4.09125757217407,Vijiweni,Mombasa,Likoni,3,55,5.45454545454545
415,39.5614166259766,-4.19547653198242,Voroni,Mombasa,Kisauni,0,60,0
416,39.6956558227539,-4.04272174835205,Maweni,Taita Taveta,Taveta,0,50,0
417,37.6812515258789,-3.41421842575073,Msheghesheni,Taita Taveta,Taveta,0,50,0
418,37.6789703369141,-3.38490009307861,Chachewa,Taita Taveta,Taveta,0,49,0
419,38.4151992797852,-3.38871145248413,Baghau,Taita Taveta,Mwatate,0,50,0
420,38.3625907897949,-3.4026665687561,Boma,Taita Taveta,Wundanyi,0,55,0
421,38.6683502197266,-3.68818831443787,Bughuta,Taita Taveta,Voi,0,60,0
422,38.6712646484375,-3.85037994384766,Bungule,Taita Taveta,Voi,0,50,0
423,37.7339515686035,-3.30192089080811,Chala,Taita Taveta,Taveta,1,55,1.81818181818182
424,38.3955917358398,-3.36237335205078,Choke,Taita Taveta,Wundanyi,0,30,0
425,37.7094764709473,-3.20857238769531,Chumvini,Taita Taveta,Taveta,0,55,0
426,37.6801528930664,-3.47380828857422,Eldora Kamleza,Taita Taveta,Taveta,0,58,0
427,38.5548095703125,-3.44275665283203,Gimba,Taita Taveta,Voi,0,50,0
428,38.2744636535645,-3.40992712974548,Ilalenyi,Taita Taveta,Wundanyi,1,58,1.72413793103448
429,38.8471832275391,-3.61516833305359,Itinyi,Taita Taveta,Voi,0,36,0
430,38.6213111877441,-3.83968997001648,Jora,Taita Taveta,Voi,0,49,0
431,38.3598594665527,-3.4327929019928,Josa,Taita Taveta,Mwatate,0,48,0
432,38.7041778564453,-3.64127826690674,Kale,Taita Taveta,Voi,0,51,0
433,39.6679382324219,-4.05075454711914,Kaloleni,Taita Taveta,Voi,0,56,0
434,39.8521766662598,-3.62398099899292,Kasarani,Taita Taveta,Voi,0,47,0
435,37.7144432067871,-3.44457006454468,Kimondia,Taita Taveta,Taveta,0,54,0
436,38.3786582946777,-3.47003841400146,Kipusi,Taita Taveta,Mwatate,0,48,0
437,38.496452331543,-3.39415836334229,Kirutai,Taita Taveta,Voi,0,49,0
438,38.3751831054688,-3.51007342338562,Kitivo,Taita Taveta,Mwatate,0,50,0
439,38.3418922424316,-3.35277843475342,Kitumbi,Taita Taveta,Wundanyi,2,50,4
440,37.732795715332,-3.41916656494141,Kiungu,Taita Taveta,Taveta,1,56,1.78571428571429
441,38.5899238586426,-3.4749767780304,Kizumanzi,Taita Taveta,Voi,0,50,0
442,37.6725997924805,-3.3753604888916,Lesesia,Taita Taveta,Taveta,0,60,0
443,37.7315521240234,-3.39513993263245,Luduwai,Taita Taveta,Taveta,0,52,0
444,37.7324371337891,-3.24494624137878,Mahandakini,Taita Taveta,Taveta,0,58,0
445,37.688777923584,-3.39411568641663,Mahoo,Taita Taveta,Taveta,0,48,0
446,38.3399772644043,-3.38508558273315,Malela,Taita Taveta,Wundanyi,0,43,0
447,38.548656463623,-3.50293159484863,Marapu,Taita Taveta,Voi,0,50,0
448,37.7045021057129,-3.38568353652954,Markilorti,Taita Taveta,Taveta,0,50,0
449,38.7256050109863,-3.62189340591431,Marungu,Taita Taveta,Voi,0,50,0
450,38.3196907043457,-3.35789346694946,Mashangi,Taita Taveta,Wundanyi,0,50,0
451,38.314567565918,-3.44696497917175,Mbagha,Taita Taveta,Mwatate,0,49,0
452,38.43896484375,-3.25396513938904,Mbulia,Taita Taveta,Voi,0,51,0
453,38.3238639831543,-3.40040040016174,Mdundonyi,Taita Taveta,Wundanyi,0,50,0
454,38.9450263977051,-3.67269492149353,Miasenyi,Taita Taveta,Voi,0,51,0
455,38.4921646118164,-3.36448836326599,Mkwachunyi,Taita Taveta,Voi,0,47,0
456,38.5452651977539,-3.44835996627808,Mlegwa,Taita Taveta,Voi,1,32,3.125
457,38.3101425170898,-3.49491000175476,Mlughi,Taita Taveta,Mwatate,0,50,0
458,38.4492721557617,-3.35072159767151,Mole,Taita Taveta,Voi,0,43,0
459,37.6432685852051,-3.45732164382935,Mrabani,Taita Taveta,Taveta,1,50,2
460,38.3503379821777,-3.38481545448303,Msangarinyi,Taita Taveta,Wundanyi,0,43,0
461,38.8225440979004,-3.60031342506409,Msharinyi,Taita Taveta,Voi,1,59,1.69491525423729
462,39.3774757385254,-4.46229982376099,Mwachande,Taita Taveta,Mwatate,0,50,0
463,38.3912696838379,-3.45146203041077,Mwachawaza,Taita Taveta,Mwatate,0,49,0
464,38.4707069396973,-3.34647011756897,Mwakiki,Taita Taveta,Voi,0,50,0
465,38.3097763061523,-3.39481639862061,Mwalimo,Taita Taveta,Wundanyi,1,55,1.81818181818182
466,38.3285217285156,-3.41379404067993,Mwambalo,Taita Taveta,Wundanyi,0,46,0
467,38.3946533203125,-3.45594835281372,Mwandala,Taita Taveta,Mwatate,0,50,0
468,38.3823394775391,-3.53230166435242,Mwandisha Camp,Taita Taveta,Mwatate,2,50,4
469,38.3167114257812,-3.46885657310486,Mwangia,Taita Taveta,Mwatate,0,35,0
470,38.5557823181152,-3.3996467590332,Mwanyambo,Taita Taveta,Voi,0,51,0
471,38.3056259155273,-3.37182307243347,Mwaroko,Taita Taveta,Wundanyi,0,53,0
472,38.3969802856445,-3.49720001220703,Mwatunge,Taita Taveta,Mwatate,0,53,0
473,38.4195365905762,-3.47006344795227,Mzwanenyi,Taita Taveta,Mwatate,0,53,0
474,37.7122001647949,-3.18572592735291,Njukini,Taita Taveta,Taveta,0,54,0
475,37.7118644714355,-3.33884787559509,Nakuruto,Taita Taveta,Taveta,0,46,0
476,38.4780578613281,-3.30282044410706,Ndome,Taita Taveta,Voi,0,52,0
477,38.2815475463867,-3.40952301025391,Ndumbinyi,Taita Taveta,Wundanyi,0,53,0
478,38.383960723877,-3.36377334594727,Ngilinyi,Taita Taveta,Wundanyi,0,28,0
479,38.3340034484863,-3.35539674758911,Ngolia,Taita Taveta,Wundanyi,2,50,4
480,38.3271636962891,-3.38284373283386,Ngulu,Taita Taveta,Wundanyi,0,48,0
481,37.6953163146973,-3.41263008117676,Njoro,Taita Taveta,Taveta,1,50,2
482,37.6953163146973,-3.41263008117676,Njoro,Taita Taveta,Taveta,3,50,6
483,37.7711296081543,-3.44792342185974,Njoro Masaini,Taita Taveta,Taveta,0,48,0
484,37.771110534668,-3.51637172698975,Orkungu,Taita Taveta,Taveta,1,50,2
485,38.3866882324219,-3.32696008682251,Paranga,Taita Taveta,Wundanyi,0,49,0
486,38.3765144348145,-3.51661157608032,Peleleza,Taita Taveta,Mwatate,0,50,0
487,38.4204597473145,-3.39914655685425,Rahai,Taita Taveta,Mwatate,0,50,0
488,38.6887397766113,-3.65160322189331,Rukanga,Taita Taveta,Voi,0,50,0
489,38.6960792541504,-3.6870698928833,Sasenyi,Taita Taveta,Voi,0,50,0
490,38.4653625488281,-3.43137669563293,Shelemba,Taita Taveta,Mwatate,0,50,0
491,38.5757751464844,-3.38604664802551,Sofia,Taita Taveta,Voi,0,59,0
492,38.3615074157715,-3.39735007286072,Sungululu,Taita Taveta,Wundanyi,0,56,0
493,38.5871925354004,-3.55145835876465,Talio,Taita Taveta,Voi,0,50,0
494,37.7151565551758,-3.38948512077332,Timbila,Taita Taveta,Taveta,1,50,2
495,37.6912574768066,-3.39677834510803,Vikwatani,Taita Taveta,Taveta,0,50,0
496,38.4113006591797,-3.41611337661743,Vulumadenyi,Taita Taveta,Mwatate,0,50,0
497,38.3792877197266,-3.33559823036194,Wujaki,Taita Taveta,Wundanyi,0,48,0
498,38.3514099121094,-3.45350408554077,Wusi,Taita Taveta,Mwatate,0,51,0
499,38.3286895751953,-3.49405169487,Zare,Taita Taveta,Mwatate,0,60,0
500,37.7623481750488,-3.26614665985107,Ziwani,Taita Taveta,Taveta,3,56,5.35714285714286
501,39.4244804382324,-2.05160760879517,Assa,Tana River,Garsen,0,50,0
502,39.0165901184082,-0.726634979248047,Bangale,Tana River,Bura,0,49,0
503,39.7934799194336,-1.01790833473206,Bilbil,Tana River,Bura,2,53,3.77358490566038
504,40.105281829834,-2.26879215240479,Bilisa,Tana River,Garsen,1,50,2
505,39.6360740661621,-4.02016735076904,Bahati,Tana River,Galole,0,50,0
506,40.0153732299805,-1.39723658561707,Bohoni,Tana River,Galole,2,50,4
507,40.080997467041,-1.61230671405792,Bondeni,Tana River,Galole,1,50,2
508,40.2972450256348,-2.51081323623657,Chamwana Muma,Tana River,Garsen,29,50,58
509,40.0533676147461,-1.5581933259964,Chanani,Tana River,Galole,4,50,8
510,39.7084617614746,-1.29379332065582,Chifiri,Tana River,Galole,0,49,0
511,39.0660285949707,-2.26842856407166,Eddi Eld,Tana River,Garsen,0,11,0
512,39.6676979064941,-4.04290151596069,Fahari,Tana River,Bura,0,47,0
513,40.2102890014648,-2.33882832527161,Galili,Tana River,Garsen,7,54,12.962962962963
514,39.8182067871094,-1.18947339057922,Godia,Tana River,Bura,1,46,2.17391304347826
515,40.1800651550293,-2.23411655426025,Gaden,Tana River,Garsen,0,49,0
516,40.1786499023438,-2.2704598903656,Gamba,Tana River,Garsen,6,54,11.1111111111111
517,40.1364974975586,-1.7370377779007,Gubani,Tana River,Galole,2,50,4
518,39.8244552612305,-1.12293994426727,Hirimani,Tana River,Bura,0,50,0
519,39.8418998718262,-1.1925083398819,Huruma,Tana River,Bura,1,48,2.08333333333333
520,40.0613555908203,-1.5977566242218,Handampia,Tana River,Galole,2,51,3.92156862745098
521,39.8763580322266,-1.69287502765656,Haroresa,Tana River,Galole,2,49,4.08163265306122
522,40.1669883728027,-2.24364161491394,Imani,Tana River,Garsen,5,52,9.61538461538462
523,39.8059463500977,-0.772423326969147,Jajavo,Tana River,Bura,0,49,0
524,40.2942657470703,-2.5006365776062,Kikomo,Tana River,Garsen,23,39,58.974358974359
525,40.4671211242676,-2.47391963005066,Kilelengwani,Tana River,Garsen,11,50,22
526,40.5274848937988,-2.52414798736572,Kipini,Tana River,Garsen,5,50,10
527,40.1751976013184,-2.18081998825073,Kulesa,Tana River,Garsen,4,45,8.88888888888889
528,39.9912910461426,-1.47596204280853,Kiarakungu,Tana River,Galole,2,50,4
529,40.3660697937012,-2.50803160667419,Kibokoni,Tana River,Garsen,26,37,70.2702702702703
530,40.2116661071777,-2.43364500999451,Kipao,Tana River,Garsen,14,49,28.5714285714286
531,39.6102485656738,-0.472256660461426,Life Frontier,Tana River,Bura,0,48,0
532,40.0036125183105,-1.36996567249298,Laini,Tana River,Galole,0,50,0
533,40.0543785095215,-1.57272505760193,Lenda,Tana River,Galole,4,51,7.84313725490196
534,40.4644470214844,-2.43342852592468,Mapunga,Tana River,Garsen,0,50,0
535,40.1839485168457,-2.14930176734924,Marembo,Tana River,Garsen,0,45,0
536,39.8406753540039,-0.927831649780273,Matagala,Tana River,Bura,0,48,0
537,40.5446968078613,-2.51382899284363,Matangeni,Tana River,Garsen,1,50,2
538,39.6062393188477,-0.47381666302681,Mororo,Tana River,Bura,0,48,0
539,39.5163269042969,-0.318769991397858,Mulanjo,Tana River,Bura,0,33,0
540,40.1814117431641,-2.21159172058105,Mwewe,Tana River,Garsen,0,45,0
541,40.1768455505371,-2.06301498413086,Mwina,Tana River,Garsen,0,49,0
542,39.6462898254395,-3.8336067199707,Majengo,Tana River,Galole,3,50,6
543,40.0089378356934,-1.33496284484863,Makere,Tana River,Galole,0,50,0
544,40.1222877502441,-1.69793248176575,Masalani,Tana River,Galole,1,50,2
545,40.0397682189941,-1.53313004970551,Mikinduni,Tana River,Galole,0,52,0
546,39.8326835632324,-0.850385010242462,Nanighi,Tana River,Bura,1,50,2
547,39.4238662719727,-2.05148696899414,Odoganda,Tana River,Garsen,0,50,0
548,40.4522514343262,-2.51032114028931,Ozi,Tana River,Garsen,20,50,40
549,40.1943740844727,-2.31650924682617,Onkolde,Tana River,Garsen,10,53,18.8679245283019
550,40.2854690551758,-2.50854158401489,Semikaro,Tana River,Garsen,19,60,31.6666666666667
551,40.3245315551758,-2.52113509178162,Shirikisho,Tana River,Garsen,17,49,34.6938775510204
552,39.2058296203613,-1.53783166408539,Titila,Tana River,Galole,0,44,0
553,39.2801132202148,-0.628880023956299,Tula,Tana River,Bura,0,50,0
554,40.1070518493652,-1.77168464660645,Vukoni,Tana River,Galole,5,50,10
555,39.6690254211426,-0.786758303642273,Wekoye,Tana River,Bura,0,51,0
556,39.0248413085938,-1.61110496520996,Waldena,Tana River,Galole,0,47,0
557,39.5496864318848,-1.52595162391663,Wayuboro,Tana River,Galole,0,45,0
558,40.1105346679688,-1.79295229911804,Wenje,Tana River,Galole,6,50,12
559,40.08292,-3.16368,Sabaki,Kilifi,Magarini,0,50,0
560,39.708989,-3.86512,Chengoni,Kilifi,Kilifi South,1,50,2
561,40.11275,-3.09949,Galana,Kilifi,Magarini,0,51,0
562,40.174222,-3.023111,Garithe,Kilifi,Magarini,0,54,0
563,40.08156,-3.25523,Kijiwe Tanga,Kilifi,Magarini,1,53,1.88679245283019
564,39.39696,-3.09087,Kulalu,Kilifi,Malindi,0,47,0
565,39.925291,-3.38776,Matsangoni,Kilifi,Kilifi North,1,42,2.38095238095238
566,39.647742,-3.678898,Migumomiri,Kilifi,Ganze,0,49,0
567,39.904017,-3.378097,Mkongani,Kilifi,Kilifi North,1,57,1.75438596491228
568,40.01919,-3.18685,Mmangani,Kilifi,Malindi,1,54,1.85185185185185
569,39.69449,-3.561296,Mwaeba,Kilifi,Magarini,0,54,0
570,39.409332,-3.806963,Shangia,Kilifi,Kaloleni,0,49,0
571,39.204762,-4.189701,Gulanze,Kwale,Kinango,0,45,0
572,39.045646,-4.293679,Magombani,Kwale,Matuga,0,50,0
573,39.278261,-4.355652,Magwasheni,Kwale,Matuga,0,54,0
574,39.33675,-4.33529,Mkanda,Kwale,Matuga,3,54,5.55555555555556
575,39.683344,-4.019872,Anwar Community,Mombasa,Kisauni,1,50,2
576,39.683492,-4.022987,Golden Chariots,Mombasa,Kisauni,0,45,0
577,39.68828,-4.02913,Khadija,Mombasa,Nyali,0,39,0
578,39.63146,-4.002,Kwa Shee,Mombasa,Jomvu,0,47,0
579,39.73941,-3.96304,Shimo La Tewa,Mombasa,Kisauni,17,60,28.3333333333333
580,39.72193,-3.9727,Utange Baptist,Mombasa,Kisauni,11,50,22
581,38.362573,-3.450152,Dembwa,Taita Taveta,Mwatate,0,52,0
582,38.44441,-3.28854,Ghazi,Taita Taveta,Voi,0,51,0
583,38.58119,-3.4942,Mlondo,Taita Taveta,Voi,0,50,0
584,38.43947,-3.31792,Mrangi,Taita Taveta,Voi,1,60,1.66666666666667
585,38.43385,-3.291,Mwakajo,Taita Taveta,Voi,0,47,0
586,40.20013,-2.41189,Arap Moi,Tana River,Garsen,0,48,0
587,38.785812,-0.336756,Boka,Tana River,Bura,4,50,8
588,40.18489,-2.47074,Furaha,Tana River,Garsen,0,54,0
589,40.18693,-2.4561,Golbanti,Tana River,Garsen,1,50,2
590,39.630354,-0.461212,Hatata,Tana River,Bura,0,49,0
591,39.588658,-0.39428,Konoramadha,Tana River,Bura,0,46,0
592,40.16021,-2.4393,Najah,Tana River,Garsen,0,50,0
593,39.85563,-1.13158,Singwaya,Tana River,Bura,0,50,0
594,40.17096,-2.43784,Tarasaa,Tana River,Garsen,0,35,0
597,39.56,-3.6600194400000001,Kamkomani,Kilifi,Kaloleni,0,48,0
598,40.085072220000001,-3.4688972200000001,Kanani,Kilifi,Kilifi North,1,52,1.92307692307692
599,39.934224999999998,-3.39845278,Madeteni,Kilifi,Kilifi North,0,60,0
600,39.850588889999997,3.7885166699999999,Mkombe B,Kilifi,Kilifi North,0,47,0
602,39.241147220000002,-4.87959444,Nyarini,Kwale,Lunga Lunga,2,51,3.92156862745098
603,40.7001277,-2.52143333,Koreni,Lamu,Lamu West,1,50,2
605,40.72,-2.31,Ndambwe,Lamu,Lamu West,4,49,8.16326530612245
606,40.3893194,-2.6231111,Sendemke,Lamu,Lamu West,0,47,0
607,39.764416670000003,-4.0961416699999997,Bridge International ,Mombasa,Nyali,,,
609,39.660266667000002,4.0567138900000002,Happy Days,Mombasa,Mvita,1,32,3.125
610,39.734527780000001,4.0947500000000003,Kadongo,Mombasa,Kisauni,1,50,2
613,39.696841669999998,4.0480383900000003,Nyali  ,Mombasa,Nyali,2,55,3.63636363636364
619,38.347650000000002,-3.4812222199999998,Mazola,Taita Taveta,Mwatate,0,50,0
621,37.705647220000003,3.5071277799999998,Ngutini,Taita Taveta,Taveta,0,58,0
623,39.359924999999997,4.6535833000000002,Wasini Island,Taita Taveta,Wundanyi,0,26,0
624,39.607105560000001,-0.46384722,Adele,Tana River,Bura,0,49,0
625,39.64768333,-0.52839999999999998,Anole,Tana River,Bura,0,37,0
628,39.76999722,-0.62003889000000001,Sala,Tana River,Bura,0,47,0
630,34.472377,0.5409378,Syekumulo,Bungoma,Bumula,0,60,0
631,34.42494,0.5599943,Lunao fym,Bungoma,Bumula,0,60,0
632,34.445653,0.5694444,Mukuyuni pri,Bungoma,Bumula,0,60,0
633,34.393892,0.541655,Mikokwe ack primary,Bungoma,Bumula,0,60,0
634,34.397963,0.5542362,Wesimikha pri,Bungoma,Bumula,0,60,0
635,34.520829,0.4631312,Mukhuma primary,Bungoma,Bumula,0,59,0
636,34.544159,0.4780678,Wamunyiri primary,Bungoma,Bumula,0,57,0
637,34.50401,0.482715,Syoya primary,Bungoma,Bumula,0,59,0
638,34.515381,0.4979215,Talitia Primary,Bungoma,Bumula,0,58,0
639,34.536492,0.4674017,Wamumali,Bungoma,Bumula,0,59,0
640,34.419781,0.4964274,Maraba primary/khasoko codes used,Bungoma,Bumula,0,60,0
641,34.412935,0.48689,Khulwanda primary school,Bungoma,Bumula,0,60,0
642,34.40381,0.4833082,Khasoko primary school,Bungoma,Bumula,0,60,0
643,34.448221,0.4748275,Namusasi primary school,Bungoma,Bumula,0,60,0
644,34.390352,0.4746709,Namanze primary schoool,Bungoma,Bumula,0,60,0
645,34.3839,0.5553332,Bukirimo,Bungoma,Bumula,2,60,3.33333333333333
646,34.409101,0.6418738,Kitabisi R.C,Bungoma,Bumula,0,60,0
647,34.386509,0.5696568,Lelekhwe,Bungoma,Bumula,1,60,1.66666666666667
648,34.407532,0.5726531,Mwiyenga,Bungoma,Bumula,1,60,1.66666666666667
649,34.418241,0.5884561,Nakhwana R.C,Bungoma,Bumula,0,60,0
650,34.419304,0.6087917,Nasimbo,Bungoma,Bumula,0,60,0
651,34.456585,0.6716693,Kisawayi,Bungoma,Bumula,0,60,0
652,34.469901,0.6775358,Netima,Bungoma,Bumula,0,60,0
653,34.427277,0.673709,Sango R.C Primary,Bungoma,Bumula,1,60,1.66666666666667
654,34.455756,0.6261064,Siboti primary school,Bungoma,Bumula,0,60,0
655,34.517166,0.5621763,Biliso Rc,Bungoma,Bumula,1,59,1.69491525423729
656,34.499334,0.5204028,Kibachenje c o G,Bungoma,Bumula,0,60,0
657,34.47975,0.5670401,Lukhuna,Bungoma,Bumula,0,59,0
658,34.485699,0.5043475,Lumboka,Bungoma,Bumula,0,58,0
659,34.507475,0.5594679,Muanda Rc primary school,Bungoma,Bumula,1,60,1.66666666666667
660,34.490571,0.595346,Mayanja R.C,Bungoma,Bumula,1,60,1.66666666666667
661,34.453446,0.5845341,LWANJA PRIMARY SCHOOL,Bungoma,Bumula,0,59,0
663,34.498306,0.59011,Ng'oli,Bungoma,Bumula,0,60,0
664,34.493194,0.6123842,TUNYA RC PRIMARY SCHOOL,Bungoma,Bumula,1,60,1.66666666666667
665,34.469623,0.8240282,Kipsis primary,Bungoma,Cheptais,0,60,0
666,34.464848,0.8478867,Chesiro primary,Bungoma,Cheptais,0,60,0
667,34.422014,0.8165724,Nalando pri,Bungoma,Cheptais,0,59,0
668,34.419527,0.8367883,Walanga primary,Bungoma,Cheptais,0,60,0
669,34.463327,0.8046727,Zakstar,Bungoma,Cheptais,0,60,0
670,34.573654,0.8371498,Kabukwo,Bungoma,Cheptais,0,59,0
671,34.592726,0.8308885,Kapkirwok,Bungoma,Cheptais,0,59,0
673,34.60275,0.8827577,Kipsikrok,Bungoma,Cheptais,5,60,8.33333333333333
674,34.574285,0.8752441,Sosaplel primary,Bungoma,Cheptais,1,59,1.69491525423729
675,34.507978,0.8154683,Chemondi primary,Bungoma,Cheptais,0,60,0
676,34.52573,0.8048649,Chemoikuut primary,Bungoma,Cheptais,0,60,0
677,34.513891,0.7809511,Kimabole primary,Bungoma,Cheptais,0,60,0
678,34.520867,0.8178182,Kimama primary school,Bungoma,Cheptais,0,60,0
679,34.505827,0.8032898,Mulatiwa primary school,Bungoma,Cheptais,0,60,0
680,34.602294,0.8090142,Chebich primary school,Bungoma,Cheptais,2,57,3.50877192982456
681,34.544533,0.8042789,Chongeywo primary school,Bungoma,Cheptais,1,60,1.66666666666667
682,34.58998,0.8075445,Kapsambu,Bungoma,Cheptais,1,58,1.72413793103448
683,34.584849,0.8156942,Kimorong primary,Bungoma,Cheptais,1,60,1.66666666666667
684,34.583377,0.7855752,Murwani primary school,Bungoma,Cheptais,1,60,1.66666666666667
685,34.621309,0.6927852,Khachonge,Bungoma,Kabuchai,0,60,0
686,34.612523,0.6714286,Khatiri,Bungoma,Kabuchai,0,60,0
687,34.641187,0.627538,Kibochi,Bungoma,Kabuchai,0,60,0
688,34.627966,0.6073251,Mikayu,Bungoma,Kabuchai,0,60,0
689,34.606611,0.6800623,St. Peters Lurende,Bungoma,Kabuchai,0,60,0
690,34.575128,0.7551643,Makhonge SA primary,Bungoma,Kabuchai,0,60,0
691,34.565609,0.7476473,Matibo fym primary,Bungoma,Kabuchai,0,60,0
692,34.575712,0.6732333,Mukhweya rc primary school,Bungoma,Kabuchai,0,60,0
693,34.588974,0.7312992,Sanandiki fym primary,Bungoma,Kabuchai,0,60,0
694,34.571418,0.7353248,Busakala fym primary,Bungoma,Kabuchai,0,60,0
695,34.62756,0.7404042,Chenjeni,Bungoma,Kabuchai,0,60,0
696,34.639385,0.7390937,Samita SA Primary School,Bungoma,Kabuchai,0,60,0
697,34.627139,0.7701442,Sango PCU Primary School,Bungoma,Kabuchai,2,60,3.33333333333333
698,34.59399,0.774204,Chepstat FYM primary,Bungoma,Kabuchai,0,60,0
699,34.653189,0.7452904,Sikilu FYM Primary School,Bungoma,Kabuchai,0,59,0
700,34.561758,0.6158251,Chemwa Primary,Bungoma,Kabuchai,0,60,0
701,34.550245,0.6352762,Khalaba Primary,Bungoma,Kabuchai,0,60,0
702,34.566293,0.640425,Kabuchai Primary,Bungoma,Kabuchai,0,60,0
703,34.54057,0.6478233,Musokho Primary,Bungoma,Kabuchai,0,60,0
704,34.571394,0.5991503,Sikata Primary,Bungoma,Kabuchai,0,60,0
705,34.650898,0.6014767,Hututu Primary,Bungoma,Kanduyi,0,60,0
706,34.671159,0.6106003,Kombo primary school,Bungoma,Kanduyi,0,60,0
707,34.651702,0.5643018,Kongoli RC Primary,Bungoma,Kanduyi,0,60,0
708,34.670283,0.6231132,Misanga Primary,Bungoma,Kanduyi,0,60,0
709,34.638511,0.5522256,Tembelela primary school,Bungoma,Kanduyi,0,60,0
710,34.640884,0.5786006,Kitale,Bungoma,Kanduyi,0,60,0
711,34.576673,0.56537,Khaoya,Bungoma,Kanduyi,0,60,0
712,34.617646,0.5555001,Kisuluni sa primary school,Bungoma,Kanduyi,0,59,0
713,34.591408,0.5729789,Chemche ack primary,Bungoma,Kanduyi,2,60,3.33333333333333
714,34.58207,0.583787,Muyayi RC primary school,Bungoma,Kanduyi,0,60,0
715,34.562976,0.5721423,Lwandanyi Ack,Bungoma,Kanduyi,0,60,0
716,34.614255,0.4705446,Fuchani Primary,Bungoma,Kanduyi,2,60,3.33333333333333
717,34.668365,0.4425689,Mufule,Bungoma,Kanduyi,0,60,0
718,34.58625,0.4358367,Mwikhupo,Bungoma,Kanduyi,1,60,1.66666666666667
719,34.600763,0.453423,Nabichakha fym,Bungoma,Kanduyi,0,60,0
720,34.561461,0.5898644,Bridge International Academy,Bungoma,Kanduyi,0,60,0
721,34.564127,0.5656188,Christ the king primary school,Bungoma,Kanduyi,0,60,0
722,34.557853,0.5844838,Kanduyi D. E. B Primary School,Bungoma,Kanduyi,0,60,0
723,34.564909,0.5629506,Mukhaweli primary school,Bungoma,Kanduyi,0,60,0
724,34.564596,0.555156,Mother Kevin primary school,Bungoma,Kanduyi,0,60,0
725,34.518149,0.6410678,Bukananachi Fym,Bungoma,Kanduyi,0,58,0
726,34.535608,0.6906112,Kakichuma R.c primary,Bungoma,Kanduyi,0,59,0
727,34.430743,0.6751536,Kikwechi primary,Bungoma,Kanduyi,0,56,0
728,34.544168,0.6022691,Makutano primary,Bungoma,Kanduyi,0,59,0
729,34.530131,0.6376306,Namikelo primary,Bungoma,Kanduyi,0,58,0
730,34.550708,0.533951,Musikoma,Bungoma,Kanduyi,1,60,1.66666666666667
731,34.512697,0.5407867,Okanya pri,Bungoma,Kanduyi,0,61,0
733,34.55003,0.5615004,Sio,Bungoma,Kanduyi,0,60,0
734,34.522698,0.5329769,Wekelekha,Bungoma,Kanduyi,0,60,0
735,34.560023,0.5619698,Moi DeB Primary,Bungoma,Kanduyi,0,60,0
736,34.556567,0.5717454,Bungoma DeB Primary school,Bungoma,Kanduyi,0,60,0
737,34.560022,0.562014,Moi DeB Primary,Bungoma,Kanduyi,0,60,0
738,34.558561,0.5570666,Mupeli primary,Bungoma,Kanduyi,0,60,0
739,34.549731,0.574112,Sinoko Deb primary school,Bungoma,Kanduyi,0,60,0
740,34.576504,0.470848,Bulondo primary School,Bungoma,Kanduyi,0,59,0
741,34.590857,0.4857918,Kamba primary school,Bungoma,Kanduyi,0,60,0
742,34.56872,0.5304367,Kitinda Primary School,Bungoma,Kanduyi,0,60,0
743,34.600321,0.5032947,Namaanga FYM primary,Bungoma,Kanduyi,0,60,0
744,34.60762,0.5157601,Siangwe primary,Bungoma,Kanduyi,0,59,0
745,34.773759,0.8116852,Mwangale DEB,Bungoma,Kimilili,1,60,1.66666666666667
746,34.779986,0.7566043,Sibakala RC,Bungoma,Kimilili,0,60,0
747,34.787669,0.7941938,Sosio RC,Bungoma,Kimilili,3,60,5
748,34.803978,0.7607685,Nakaaliara RC,Bungoma,Kimilili,0,60,0
749,34.776715,0.8330955,Sulwe,Bungoma,Kimilili,1,59,1.69491525423729
750,34.712458,0.7892472,Daraja mungu,Bungoma,Kimilili,0,59,0
751,34.674025,0.7401253,Kibingei,Bungoma,Kimilili,0,60,0
753,34.713498,0.8168866,Namakhele,Bungoma,Kimilili,0,60,0
754,34.663804,0.7888902,Siuna,Bungoma,Kimilili,0,60,0
755,34.755375,0.7413434,Bahai namwanga,Bungoma,Kimilili,0,58,0
756,34.722654,0.7271425,Kambini Primary,Bungoma,Kimilili,0,60,0
757,34.731418,0.7556309,MATILI F.Y.M,Bungoma,Kimilili,0,60,0
758,34.74128,0.7598736,Matili RC,Bungoma,Kimilili,0,60,0
759,34.759105,0.7547437,Sango,Bungoma,Kimilili,0,60,0
760,34.728811,0.8120989,Kamasielo FYM,Bungoma,Kimilili,0,61,0
761,34.742149,0.8133114,Kamusinde RC primary,Bungoma,Kimilili,0,60,0
762,34.761341,0.8427933,Namboani fym,Bungoma,Kimilili,0,61,0
763,34.761923,0.8277611,Namboani Rc,Bungoma,Kimilili,2,61,3.27868852459016
764,34.765563,0.7847575,Sikhendu gym primary,Bungoma,Kimilili,0,60,0
765,34.720393,0.8552904,Chemwesus Primary,Bungoma,Mt. Elgon,0,61,0
766,34.691221,0.8594066,Kaberwa DEB Pri,Bungoma,Mt. Elgon,0,60,0
767,34.658791,0.8412496,Koshok RC primary school,Bungoma,Mt. Elgon,0,60,0
768,34.700015,0.8452371,Kibuk RC Primary,Bungoma,Mt. Elgon,0,59,0
769,34.658474,0.8276587,Sendera SA primary school,Bungoma,Mt. Elgon,0,48,0
770,34.757574,0.9125579,Chelilde R.c primary,Bungoma,Mt. Elgon,0,60,0
771,34.747394,0.924352,Kaboywo fym,Bungoma,Mt. Elgon,1,60,1.66666666666667
772,34.773802,0.8506883,Kamenjo,Bungoma,Mt. Elgon,1,60,1.66666666666667
773,34.73001,0.889625,Kongit Primary,Bungoma,Mt. Elgon,0,60,0
774,34.752954,0.8821488,Kaptalelio Rc,Bungoma,Mt. Elgon,0,60,0
775,34.445632,0.7239454,Londo S.A primary school,Bungoma,Sirisia,0,60,0
776,34.379942,0.7891869,Lwakhakha,Bungoma,Sirisia,0,60,0
777,34.430816,0.6742415,MALAKISI ACK,Bungoma,Sirisia,0,60,0
778,34.500384,0.753647,Nasala,Bungoma,Sirisia,0,58,0
779,34.438488,0.7118965,Sitabicha R.C primary school,Bungoma,Sirisia,0,60,0
780,34.483692,0.7757019,Mwanda S.A primary  school,Bungoma,Sirisia,0,60,0
781,34.544012,0.67963,Nabulooli s.a primary  school,Bungoma,Sirisia,0,60,0
782,34.459138,0.7895811,Namang'ofulo,Bungoma,Sirisia,0,60,0
783,34.460572,0.7464414,Namunyu primary school,Bungoma,Sirisia,0,60,0
784,34.458121,0.7439471,Ndakaru S.A primary  school,Bungoma,Sirisia,0,60,0
785,34.549531,0.7620631,Chwele boys,Bungoma,Sirisia,1,60,1.66666666666667
786,34.567865,0.7855027,Kikai,Bungoma,Sirisia,0,57,0
787,34.5101,0.7567825,Malinda,Bungoma,Sirisia,0,60,0
788,34.559616,0.746571,Matibo  rc,Bungoma,Sirisia,0,59,0
789,34.529275,0.7698988,Namtokholo,Bungoma,Sirisia,0,60,0
790,34.873155,0.6860995,Kibisi F.Y.M,Bungoma,Tongaren,0,60,0
791,34.850807,0.6690057,Lunyu DEB Primary,Bungoma,Tongaren,0,60,0
792,34.821952,0.6741174,Mukomari primary,Bungoma,Tongaren,0,60,0
793,34.890798,0.6471856,Mwikhupo primary,Bungoma,Tongaren,0,60,0
794,34.919019,0.5975077,Nzoia RC Primary,Bungoma,Tongaren,0,60,0
795,34.807445,0.7809283,Bilibili,Bungoma,Tongaren,0,60,0
796,34.845343,0.7392569,Makunga SA,Bungoma,Tongaren,0,60,0
797,34.828436,0.8095024,Maliki,Bungoma,Tongaren,0,60,0
798,34.81014,0.7956948,Mfupi RC,Bungoma,Tongaren,1,60,1.66666666666667
799,34.854311,0.8067756,Milima Riverside,Bungoma,Tongaren,0,60,0
800,34.906987,0.759967,Kewa Primary School,Bungoma,Tongaren,0,60,0
801,34.912308,0.8134833,Nakoba Fym Primary School,Bungoma,Tongaren,0,60,0
802,34.904043,0.7001483,Pwani,Bungoma,Tongaren,1,60,1.66666666666667
803,34.917242,0.7325928,Siumbwa RC Primary School,Bungoma,Tongaren,0,62,0
804,34.922327,0.7695937,Wabukala Primary School,Bungoma,Tongaren,0,60,0
805,34.967685,0.8724795,Minyali fym,Bungoma,Tongaren,0,60,0
806,34.995056,0.8784163,Muliro DeB,Bungoma,Tongaren,0,60,0
807,35.008298,0.8768706,Musembe PAG,Bungoma,Tongaren,0,60,0
808,34.994868,0.83325,Sinoko Rc,Bungoma,Tongaren,0,60,0
809,34.944852,0.850533,Tabani FYM,Bungoma,Tongaren,0,60,0
810,35.071724,0.7256952,Kananachi fym,Bungoma,Tongaren,0,60,0
811,34.980804,0.7075147,Maresi fym primary school,Bungoma,Tongaren,0,60,0
812,34.944633,0.7481418,Mfunje ADC primary school,Bungoma,Tongaren,0,51,0
813,34.980804,0.7075147,Mwikhupo RC primary school,Bungoma,Tongaren,0,60,0
814,35.007564,0.7531608,Namatore FPF pri,Bungoma,Tongaren,0,55,0
815,34.988068,0.8167755,Binyenya RC primary school,Bungoma,Tongaren,0,60,0
816,34.936419,0.7715739,Birunda PAG,Bungoma,Tongaren,0,60,0
817,34.939658,0.80399,Lukhuna primary school,Bungoma,Tongaren,0,60,0
818,34.888796,0.7650461,Manyasa fym,Bungoma,Tongaren,0,60,0
819,34.944961,0.7601508,St Mary's Mabusi,Bungoma,Tongaren,0,60,0
820,34.770012,0.5265656,Lufwindiri deb primary school,Bungoma,Webuye East,0,60,0
821,34.798884,0.5799903,Maraka pefa,Bungoma,Webuye East,2,59,3.38983050847458
822,34.765583,0.5787081,Nzoia Pefa,Bungoma,Webuye East,1,60,1.66666666666667
823,34.762605,0.5744968,Nzoia Rc,Bungoma,Webuye East,0,60,0
824,34.769983,0.5906518,Sango DEB,Bungoma,Webuye East,0,59,0
825,34.718649,0.7840456,Ndalu primary,Bungoma,Webuye East,0,60,0
826,34.810028,0.6153484,Froi DEB Primary,Bungoma,Webuye East,0,60,0
827,34.831198,0.590424,Masindu fym primary school,Bungoma,Webuye East,0,60,0
828,34.827896,0.6607825,Misimo FYM Primary,Bungoma,Webuye East,0,59,0
829,34.796521,0.5910052,Nabuyole Pefa,Bungoma,Webuye East,0,60,0
830,34.822227,0.7304091,Kwena SDA,Bungoma,Webuye East,1,57,1.75438596491228
831,34.81345,0.7118161,Ndivisi fym,Bungoma,Webuye East,1,60,1.66666666666667
832,34.821537,0.7316388,Ondoti Adc,Bungoma,Webuye East,0,60,0
833,34.796,0.7450869,Sinoko pcu,Bungoma,Webuye East,0,56,0
834,34.902587,0.5974591,Wandabwa fym pri,Bungoma,Webuye East,0,59,0
835,34.695875,0.6202538,Matisi,Bungoma,Webuye West,0,60,0
836,34.645739,0.7250151,Milani,Bungoma,Webuye West,0,60,0
837,34.69331,0.6848192,Moyokwe,Bungoma,Webuye West,0,60,0
838,34.701772,0.6791344,Namawanga primary,Bungoma,Webuye West,0,60,0
839,34.661472,0.7185331,Sikimbilo,Bungoma,Webuye West,0,60,0
840,34.741824,0.6328559,Malaha primary,Bungoma,Webuye West,0,60,0
841,34.739394,0.5981625,Matulo RC Primary School,Bungoma,Webuye West,0,60,0
842,34.765274,0.6093357,SA Primary school,Bungoma,Webuye West,1,60,1.66666666666667
843,34.707434,0.6224683,Wamang'oli gbf primary,Bungoma,Webuye West,0,60,0
844,34.737984,0.6466478,Wenyila Primary School,Bungoma,Webuye West,2,60,3.33333333333333
845,34.688933,0.7205787,Bunang'eni FYM primary,Bungoma,Webuye West,0,60,0
846,34.712634,0.6965788,Bunjosi fym prm school,Bungoma,Webuye West,0,60,0
847,34.729356,0.6634484,Kituni Fym Primary,Bungoma,Webuye West,0,60,0
848,34.711504,0.7167792,Manani RC Primary,Bungoma,Webuye West,0,60,0
849,34.733994,0.6846133,Sirisia bok primary,Bungoma,Webuye West,0,60,0
850,34.655563,0.467047,Khalala R.C,Bungoma,Webuye West,0,60,0
851,34.684973,0.5055693,Kuywa Friends,Bungoma,Webuye West,0,60,0
852,34.69067,0.5210483,Manga'ana pri,Bungoma,Webuye West,0,60,0
853,34.643493,0.4577789,Mukite D.E.B,Bungoma,Webuye West,0,60,0
854,34.676168,0.487112,Mwembula D.E.B,Bungoma,Webuye West,4,60,6.66666666666667
855,34.495908,0.2107663,Butere primary,Kakamega,Butere,2,60,3.33333333333333
856,34.49497,0.23466,Mutoma Primary,Kakamega,Butere,1,52,1.92307692307692
857,34.479425,0.2085457,Eshirembe primary,Kakamega,Butere,2,58,3.44827586206897
858,34.497173,0.278754,Nyenyesi Primary,Kakamega,Butere,0,57,0
859,34.511406,0.2151297,Shiyiro Primary,Kakamega,Butere,0,60,0
860,34.563437,0.2151739,Bulanda RC,Kakamega,Butere,1,60,1.66666666666667
861,34.576918,0.1874651,Ebutayi primary school,Kakamega,Butere,0,60,0
862,34.593312,0.181447,Emashere primary school,Kakamega,Butere,0,60,0
863,34.597505,0.1780093,Lukoye primary school,Kakamega,Butere,0,60,0
864,34.575201,0.2302791,Shiraha primary school,Kakamega,Butere,0,60,0
865,34.494319,0.1899381,Ebubala,Kakamega,Butere,0,60,0
866,34.480507,0.159775,Ebukhokoro,Kakamega,Butere,0,60,0
867,34.441959,0.1554731,Bukuti,Kakamega,Butere,0,60,0
868,34.444201,0.1912007,Mahondo Primary,Kakamega,Butere,4,59,6.77966101694915
869,34.477311,0.17462,Shiatsala primary,Kakamega,Butere,0,60,0
871,34.520127,0.217863,Emukangu primary,Kakamega,Butere,2,60,3.33333333333333
872,34.560606,0.2534629,Imanga primary,Kakamega,Butere,3,60,5
873,34.581505,0.2493554,Ituti,Kakamega,Butere,1,60,1.66666666666667
874,34.54051,0.2595168,Muluwa primary,Kakamega,Butere,0,60,0
875,34.510737,0.2146822,Eshirumba,Kakamega,Butere,0,60,0
876,34.491623,0.1589017,Eshisisia,Kakamega,Butere,0,60,0
877,34.541188,0.19374,Ikokwa,Kakamega,Butere,0,59,0
878,34.489914,0.1848575,Mabole,Kakamega,Butere,0,60,0
879,34.515052,0.1984597,Muyundi,Kakamega,Butere,0,56,0
880,34.751844,0.1802644,Eregi mixed primary,Kakamega,Ikilomani,1,60,1.66666666666667
881,34.715518,0.161944,Ikhulili,Kakamega,Ikilomani,0,60,0
882,34.698955,0.1523896,Imalaba primary,Kakamega,Ikilomani,0,60,0
883,34.685617,0.1521939,Ishieywe primary,Kakamega,Ikilomani,0,60,0
884,34.73198,0.1530634,Shanjetso,Kakamega,Ikilomani,0,60,0
885,34.684941,0.1867174,Bushiangala,Kakamega,Ikilomani,0,60,0
886,34.705397,0.2110375,Ichina,Kakamega,Ikilomani,0,60,0
887,34.682713,0.1830156,Shibuname,Kakamega,Ikilomani,0,60,0
889,34.667046,0.1711082,SHIKUMU PRIMARY,Kakamega,Ikilomani,0,60,0
890,34.749046,0.1642003,Iguhu primary,Kakamega,Ikilomani,0,58,0
891,34.733777,0.1695374,Iluya primary,Kakamega,Ikilomani,0,60,0
892,34.792291,0.1587699,Naliava Primary,Kakamega,Ikilomani,0,60,0
893,34.719001,0.181002,Shikokho primary,Kakamega,Ikilomani,0,60,0
894,34.733576,0.179789,Shitoli primary,Kakamega,Ikilomani,0,60,0
895,34.678225,0.2356081,Emulembo primary school,Kakamega,Ikilomani,2,60,3.33333333333333
896,34.664976,0.2359993,Imulama primary school,Kakamega,Ikilomani,0,59,0
897,34.677471,0.2446365,Mumbesta primary school,Kakamega,Ikilomani,0,60,0
898,34.71289,0.2235132,Shamusinjiri primary school,Kakamega,Ikilomani,2,60,3.33333333333333
899,34.695061,0.2209055,Shisele primary school,Kakamega,Ikilomani,1,59,1.69491525423729
900,34.557705,0.123999,Ebuhonga,Kakamega,Khwisero,1,59,1.69491525423729
901,34.555283,0.11292,Emung'abo,Kakamega,Khwisero,0,59,0
902,34.552653,0.1366542,Ebukanga,Kakamega,Khwisero,1,58,1.72413793103448
903,34.583383,0.1446788,Munyanza SA,Kakamega,Khwisero,0,60,0
904,34.571202,0.125285,Mushiangubu,Kakamega,Khwisero,0,60,0
905,34.618336,0.1335995,Emalindi Primary school,Kakamega,Khwisero,3,60,5
906,34.597789,0.1248411,Eshibinga Primary school,Kakamega,Khwisero,0,60,0
907,34.6434,0.1516427,Eshinutsa Primary School,Kakamega,Khwisero,0,63,0
908,34.678477,0.1473059,Mushichubulu,Kakamega,Khwisero,1,60,1.66666666666667
909,34.629723,0.1459567,Mwirembe primary,Kakamega,Khwisero,1,60,1.66666666666667
910,34.601011,0.1517053,Buhili Primary,Kakamega,Khwisero,4,60,6.66666666666667
911,34.619393,0.1609689,Elukanji,Kakamega,Khwisero,7,60,11.6666666666667
912,34.633723,0.1709173,Emwiru primary,Kakamega,Khwisero,0,60,0
913,34.655574,0.1581074,Emuruba Primary,Kakamega,Khwisero,1,60,1.66666666666667
914,34.595575,0.1692166,Khwisero primary,Kakamega,Khwisero,1,60,1.66666666666667
916,34.508032,0.1566448,Ebushibungo primary school,Kakamega,Khwisero,1,60,1.66666666666667
917,34.502352,0.1512856,Ikomero primary school,Kakamega,Khwisero,0,60,0
918,34.504864,0.1197186,Nyamboga primary,Kakamega,Khwisero,0,60,0
919,34.531356,0.1368746,Shirotsa primary school,Kakamega,Khwisero,0,60,0
920,35.127778,0.8069389,Kisigame,Kakamega,Likuyani,0,60,0
921,35.133078,0.7841822,Kongoni primary,Kakamega,Likuyani,0,60,0
922,35.112266,0.7910708,Kosoki primary,Kakamega,Likuyani,0,60,0
923,35.126608,0.7346933,Mirembe primary,Kakamega,Likuyani,0,60,0
924,35.141655,0.8048124,St Teresa,Kakamega,Likuyani,0,60,0
926,35.112984,0.7101723,Likuyani primary,Kakamega,Likuyani,0,58,0
927,35.153582,0.7045721,Lumino primary,Kakamega,Likuyani,0,60,0
928,35.132208,0.7189838,Lusweti primary,Kakamega,Likuyani,0,59,0
929,35.131597,0.6890793,St monica primary,Kakamega,Likuyani,0,60,0
930,35.122214,0.8221282,Matunda primary school,Kakamega,Likuyani,0,60,0
931,35.111844,0.8221697,Maua primary school,Kakamega,Likuyani,0,60,0
932,35.10624,0.8080561,Mtoni primary school,Kakamega,Likuyani,0,60,0
933,35.064227,0.8061917,Patrice primary,Kakamega,Likuyani,0,59,0
934,35.078761,0.7977515,St. Joseph nyorotis primary school,Kakamega,Likuyani,0,62,0
940,35.116488,0.8488323,Kware primary school,Kakamega,Likuyani,0,60,0
941,35.114027,0.8701091,Machine,Kakamega,Likuyani,0,60,0
942,35.098493,0.8589926,Miosbridge primary school,Kakamega,Likuyani,0,60,0
943,35.081134,0.8607693,Namunyiri primary school,Kakamega,Likuyani,0,60,0
944,35.055929,0.8894692,Sirende primary school,Kakamega,Likuyani,0,60,0
945,34.900223,0.6187303,Chekalini,Kakamega,Lugari,2,46,4.34782608695652
946,34.888534,0.6111276,Mapengo primary,Kakamega,Lugari,0,60,0
947,34.881955,0.6267446,Mukabane primary,Kakamega,Lugari,1,59,1.69491525423729
948,34.921801,0.6354493,MuLwanda,Kakamega,Lugari,1,60,1.66666666666667
949,34.961094,0.6391237,Mwivona,Kakamega,Lugari,2,48,4.16666666666667
950,34.782082,0.5621307,Chepusai primary,Kakamega,Lugari,0,59,0
951,34.762513,0.53001,Lukova SA Primary,Kakamega,Lugari,0,60,0
952,34.745797,0.5295036,Muhomo Primary,Kakamega,Lugari,0,60,0
953,34.774399,0.5533922,Mukhalanya Primary,Kakamega,Lugari,0,60,0
954,34.790855,0.5367092,Vuyika,Kakamega,Lugari,0,60,0
955,34.906775,0.6460036,Kiwanja Ndege Primary,Kakamega,Lugari,0,60,0
956,34.869982,0.6493025,Lugari Township,Kakamega,Lugari,0,60,0
959,34.877465,0.6728925,Sirende primary school,Kakamega,Lugari,0,60,0
960,34.977106,0.6340592,Township primary,Kakamega,Lugari,1,60,1.66666666666667
961,34.958029,0.6177821,Kipkaren Rural primary,Kakamega,Lugari,0,57,0
962,34.999502,0.6485484,Majengo,Kakamega,Lugari,0,60,0
963,34.938393,0.6378243,Munyuki primary,Kakamega,Lugari,0,59,0
964,35.024242,0.6275113,Mwamba primary,Kakamega,Lugari,0,60,0
965,34.851853,0.6379991,Chetambe,Kakamega,Lugari,0,55,0
966,34.844088,0.61438,Lukhokho,Kakamega,Lugari,0,57,0
967,34.84448,0.6444746,Mahanga k,Kakamega,Lugari,0,58,0
968,34.808419,0.5999623,Masasuli pri,Kakamega,Lugari,0,58,0
969,34.82352,0.6063397,Nzoia DEB,Kakamega,Lugari,0,56,0
970,34.981265,0.7249867,Mautuma primary,Kakamega,Lugari,0,60,0
971,35.007199,0.726836,Mbagara. Primary school,Kakamega,Lugari,0,60,0
972,34.967541,0.7409194,Mukonge,Kakamega,Lugari,0,60,0
973,34.946904,0.7286704,Mukuyu primary,Kakamega,Lugari,0,60,0
974,34.93784,0.723609,St. Louis Saisi primary,Kakamega,Lugari,0,60,0
975,34.687223,0.2825949,Ebuchira,Kakamega,Lurambi,0,60,0
976,34.664836,0.2496568,Ematete,Kakamega,Lurambi,0,60,0
977,34.642475,0.2732355,Emulele Primary School,Kakamega,Lurambi,0,60,0
978,34.635938,0.2821254,Eshiamboko,Kakamega,Lurambi,0,60,0
979,34.652376,0.2608011,Eshikhuyu Primary School,Kakamega,Lurambi,0,60,0
980,34.769512,0.3454475,ELUFAFWA,Kakamega,Lurambi,0,60,0
981,34.755213,0.3284637,Elukho,Kakamega,Lurambi,0,60,0
982,34.711156,0.305986,Emasera,Kakamega,Lurambi,1,60,1.66666666666667
983,34.763043,0.341845,Emukaba primary,Kakamega,Lurambi,0,56,0
985,34.614592,0.2165663,Ekapwonje primary,Kakamega,Lurambi,0,60,0
986,34.638885,0.2515373,Eshibeye primary,Kakamega,Lurambi,0,60,0
987,34.628174,0.2332947,Eshirumba primary,Kakamega,Lurambi,1,60,1.66666666666667
988,34.620157,0.2752184,Esokone primary,Kakamega,Lurambi,0,60,0
989,34.611354,0.1890434,Shisango primary,Kakamega,Lurambi,4,60,6.66666666666667
990,34.786026,0.3136443,Ichina primary school,Kakamega,Lurambi,1,60,1.66666666666667
991,34.767348,0.2968748,Mahiakalo Primary,Kakamega,Lurambi,2,60,3.33333333333333
992,34.772673,0.3043883,Mwiyala primary school,Kakamega,Lurambi,2,62,3.2258064516129
993,34.779228,0.2834725,Nyayo Tea Zone Primary School,Kakamega,Lurambi,1,60,1.66666666666667
994,34.773087,0.3028269,Kakamega Little Lillies,Kakamega,Lurambi,1,57,1.75438596491228
995,34.755103,0.2890398,Bondeni primary,Kakamega,Lurambi,2,56,3.57142857142857
996,34.735407,0.2845179,Chief mutsembi,Kakamega,Lurambi,2,46,4.34782608695652
997,34.768171,0.3120015,Ebwambwa primary,Kakamega,Lurambi,2,55,3.63636363636364
998,34.751453,0.31066,Lurambi,Kakamega,Lurambi,0,55,0
999,34.744168,0.2954524,Maraba primary,Kakamega,Lurambi,0,58,0
1000,34.745438,0.2673542,Bukhulunya primary,Kakamega,Lurambi,1,61,1.63934426229508
1001,34.75473,0.2632152,Matende primary,Kakamega,Lurambi,0,7,0
1002,34.729376,0.265316,Rosterman Pry Sch.,Kakamega,Lurambi,0,58,0
1003,34.715008,0.2590267,Shisasari primary,Kakamega,Lurambi,0,59,0
1004,34.769407,0.2685785,Shitaho pry sch,Kakamega,Lurambi,1,46,2.17391304347826
1005,34.836556,0.5083552,Manyonje primary,Kakamega,Malava,0,60,0
1006,34.863276,0.4906239,Mukavakava,Kakamega,Malava,0,60,0
1007,34.81015,0.54771,Shirambasta,Kakamega,Malava,0,60,0
1008,34.822778,0.5238464,Shilongo,Kakamega,Malava,1,60,1.66666666666667
1009,34.814062,0.4700057,Shipala primary,Kakamega,Malava,0,60,0
1010,34.910192,0.4538716,Chimoroni,Kakamega,Malava,1,60,1.66666666666667
1012,34.904748,0.4409432,Machemo primary,Kakamega,Malava,0,60,0
1013,34.910611,0.470951,Malichi primary school,Kakamega,Malava,0,60,0
1014,34.873951,0.4469109,Shitirira,Kakamega,Malava,2,60,3.33333333333333
1015,34.919892,0.400015,Bunuku,Kakamega,Malava,0,10,0
1016,34.879786,0.3797786,Fuvale,Kakamega,Malava,0,60,0
1017,34.941167,0.3929805,Ikoli,Kakamega,Malava,0,60,0
1018,34.896152,0.4141961,Lwanda K,Kakamega,Malava,0,59,0
1019,34.949831,0.3724156,Mukhuyu,Kakamega,Malava,0,60,0
1020,34.885363,0.4906517,Fubuye,Kakamega,Malava,0,60,0
1021,34.857274,0.5065554,Cheptuli primary,Kakamega,Malava,0,60,0
1022,34.809114,0.5535589,Matete primary school,Kakamega,Malava,0,59,0
1023,34.855001,0.4822831,Mutoto primary,Kakamega,Malava,0,60,0
1024,34.840513,0.4860105,Teresia primary,Kakamega,Malava,0,60,0
1025,34.758848,0.4623676,Samitsi Primary School,Kakamega,Malava,0,60,0
1026,34.840858,0.446934,Malava Primary,Kakamega,Malava,1,60,1.66666666666667
1027,34.78943,0.4332252,Muchanja primary,Kakamega,Malava,0,60,0
1028,34.822824,0.4362486,Musungu Primary,Kakamega,Malava,0,60,0
1029,34.778968,0.4434724,Shikokwe Primary,Kakamega,Malava,0,60,0
1030,34.81252,0.3666419,Chevoso primary,Kakamega,Malava,0,60,0
1031,34.807602,0.3395368,Chombeli primary,Kakamega,Malava,0,60,0
1032,34.789577,0.3485115,Ifwetere primary,Kakamega,Malava,0,60,0
1033,34.82045,0.3567588,Malimali Primary,Kakamega,Malava,0,60,0
1034,34.798551,0.4224169,Kisumu Primary,Kakamega,Malava,0,60,0
1035,34.734356,0.4138125,Bukhakunga,Kakamega,Malava,0,60,0
1036,34.755424,0.4404712,Burundu,Kakamega,Malava,0,60,0
1037,34.766357,0.4332707,Kamuchisu,Kakamega,Malava,0,58,0
1038,34.722852,0.4108467,Musidi,Kakamega,Malava,0,60,0
1039,34.748257,0.4194692,Sawawa,Kakamega,Malava,0,59,0
1040,34.539394,0.4370923,Bulonga,Kakamega,Matungu,0,60,0
1041,34.559611,0.4125186,Busombi,Kakamega,Matungu,0,60,0
1042,34.541784,0.4096008,Ebusambe,Kakamega,Matungu,0,59,0
1043,34.550114,0.4544481,Lutasio,Kakamega,Matungu,0,60,0
1044,34.572577,0.4264298,Makokhwe,Kakamega,Matungu,0,60,0
1045,34.527678,0.4169733,Eshibanze Muslim primary school,Kakamega,Matungu,0,60,0
1046,34.507008,0.394292,Makunda Primary,Kakamega,Matungu,1,60,1.66666666666667
1047,34.47498,0.4690077,Namalenge   RC primary school,Kakamega,Matungu,1,60,1.66666666666667
1048,34.463836,0.4532558,Namulungu AC primary school,Kakamega,Matungu,0,60,0
1049,34.52137,0.4411106,Shiyabo Primary,Kakamega,Matungu,0,61,0
1050,34.408394,0.2953632,Nyambula Primary,Kakamega,Matungu,0,60,0
1051,34.40591,0.3374112,Eshirumbwe Primary,Kakamega,Matungu,0,60,0
1052,34.39672,0.3091403,Indangalasia primary,Kakamega,Matungu,1,60,1.66666666666667
1053,34.401222,0.4130784,Emuberi Primary,Kakamega,Matungu,0,60,0
1054,34.4257,0.3746289,Nanyeni Primary,Kakamega,Matungu,0,60,0
1055,34.428342,0.3455031,Ebubambula,Kakamega,Matungu,1,60,1.66666666666667
1056,34.46866,0.3760152,Emanani,Kakamega,Matungu,0,60,0
1057,34.474862,0.3541784,Emurabe,Kakamega,Matungu,1,60,1.66666666666667
1058,34.48857,0.3793089,Mayoni Township,Kakamega,Matungu,0,60,0
1059,34.464603,0.3549009,Munanga,Kakamega,Matungu,1,60,1.66666666666667
1060,34.427342,0.4541382,Mirere primary,Kakamega,Matungu,0,60,0
1061,34.407733,0.4634187,Mungakha primary school,Kakamega,Matungu,0,60,0
1062,34.360411,0.4200775,Namayiakalo Primary,Kakamega,Matungu,0,60,0
1063,34.382185,0.4470344,Namberekeya,Kakamega,Matungu,2,60,3.33333333333333
1064,34.388475,0.450213,Suwo Primary School,Kakamega,Matungu,0,60,0
1065,34.430189,0.2988943,Butobe pri,Kakamega,Mumias Central,0,60,0
1066,34.450438,0.3058822,Ebuchitu,Kakamega,Mumias Central,0,60,0
1067,34.407379,0.2352686,Lukongo pri,Kakamega,Mumias Central,1,59,1.69491525423729
1068,34.426338,0.2826483,Nyapeta pri,Kakamega,Mumias Central,0,60,0
1069,34.39968,0.267628,Wangnyang pri,Kakamega,Mumias Central,1,60,1.66666666666667
1070,34.419585,0.3177423,EBUBAKA,Kakamega,Mumias Central,0,60,0
1071,34.482375,0.3357917,Ekambara primary,Kakamega,Mumias Central,2,60,3.33333333333333
1072,34.469292,0.331232,Lureko,Kakamega,Mumias Central,3,60,5
1073,34.464449,0.3409656,Nyakwaka,Kakamega,Mumias Central,1,60,1.66666666666667
1074,34.484837,0.3626795,Shibale primary,Kakamega,Mumias Central,0,60,0
1075,34.51379,0.3296499,Bumanyi,Kakamega,Mumias Central,0,60,0
1076,34.493376,0.3547512,Mumias Central,Kakamega,Mumias Central,1,60,1.66666666666667
1077,34.497908,0.3575785,Mumias complex,Kakamega,Mumias Central,4,60,6.66666666666667
1078,34.505444,0.3380727,ICHINGA,Kakamega,Mumias Central,0,59,0
1079,34.491999,0.3486074,Sheikh Khalifa,Kakamega,Mumias Central,2,60,3.33333333333333
1080,34.464165,0.2157368,Eshihaka Primary school,Kakamega,Mumias Central,0,60,0
1082,34.416102,0.2251611,Lusheya primary school,Kakamega,Mumias Central,1,60,1.66666666666667
1083,34.464416,0.2154794,Milimani primary school,Kakamega,Mumias Central,0,59,0
1084,34.449731,0.218796,Musanda  primary school,Kakamega,Mumias Central,0,60,0
1085,34.573621,0.3202259,Bumini Primary,Kakamega,Mumias East,0,60,0
1086,34.585385,0.3772405,Khaunga primary,Kakamega,Mumias East,0,60,0
1087,34.569563,0.3834298,Mahola primary,Kakamega,Mumias East,1,60,1.66666666666667
1088,34.576629,0.3162284,Mkambi primary,Kakamega,Mumias East,0,60,0
1090,34.497977,0.3085996,Ebwaliro primary school,Kakamega,Mumias East,5,60,8.33333333333333
1091,34.556565,0.3209086,Emachina primary,Kakamega,Mumias East,1,60,1.66666666666667
1092,34.556565,0.3209086,Indangalasia primary,Kakamega,Mumias East,0,60,0
1093,34.557511,0.320213,Kamashia primary,Kakamega,Mumias East,5,60,8.33333333333333
1094,34.581833,0.2994902,Shitoto primary,Kakamega,Mumias East,0,60,0
1095,34.59417,0.309425,ESHIAKHULO PRIMARY,Kakamega,Mumias East,1,59,1.69491525423729
1096,34.641086,0.3433374,ESHISENYE PRIMARY,Kakamega,Mumias East,6,60,10
1097,34.626338,0.284375,ISANGO PRIMARY,Kakamega,Mumias East,2,60,3.33333333333333
1098,34.575343,0.27953167,Musango Primary,Kakamega,Mumias East,0,60,0
1099,34.589423,0.2786467,MUTONO PRIMARY,Kakamega,Mumias East,1,60,1.66666666666667
1100,34.719876,0.4676928,Chekata Primary School,Kakamega,Navakholo,0,60,0
1101,34.735246,0.4657935,Makhima primary school,Kakamega,Navakholo,0,60,0
1102,34.704059,0.4273084,Namirama primary,Kakamega,Navakholo,1,60,1.66666666666667
1103,34.698471,0.4692658,Sivilie primary,Kakamega,Navakholo,0,60,0
1104,34.679194,0.4598266,Weremba primary,Kakamega,Navakholo,0,60,0
1105,34.601243,0.3875733,Bukhubalo primary,Kakamega,Navakholo,0,60,0
1106,34.596448,0.4183773,Kamuli primary school,Kakamega,Navakholo,0,60,0
1107,34.635312,0.443843,Kharanda primary school,Kakamega,Navakholo,0,60,0
1108,34.643313,0.4011172,Kisembe primary school,Kakamega,Navakholo,0,59,0
1109,34.596469,0.4184641,Kamuli  primary,Kakamega,Navakholo,1,60,1.66666666666667
1110,34.666901,0.4451595,Buchangu,Kakamega,Navakholo,0,60,0
1111,34.681451,0.3670471,Lwakhupa pri,Kakamega,Navakholo,0,60,0
1112,34.700777,0.3971333,Makangu,Kakamega,Navakholo,0,60,0
1113,34.722773,0.3741238,Matoi primary school,Kakamega,Navakholo,0,60,0
1114,34.666916,0.3935253,Nambacha pri,Kakamega,Navakholo,0,60,0
1115,34.765343,0.3607786,Ematiha Primary School,Kakamega,Navakholo,0,60,0
1116,34.710012,0.3503709,Eshilakhwe,Kakamega,Navakholo,0,60,0
1117,34.760841,0.3003742,Ewamakhumbi Primary,Kakamega,Navakholo,0,60,0
1118,34.701269,0.3534682,Ingoste Primary school,Kakamega,Navakholo,0,60,0
1119,34.732878,0.3731152,Emulakha Primary School,Kakamega,Navakholo,1,60,1.66666666666667
1120,34.670616,0.3052545,Ebumamu Primary school,Kakamega,Navakholo,0,60,0
1121,34.650193,0.3078449,Ebumangale primary,Kakamega,Navakholo,0,60,0
1122,34.704577,0.3120677,Ebushibo,Kakamega,Navakholo,0,59,0
1123,34.678856,0.3004232,Mwikoli primary,Kakamega,Navakholo,0,60,0
1124,34.697551,0.3425202,Naluchira Primary School,Kakamega,Navakholo,0,60,0
1125,34.839165,0.19701333,IVUYI PRIMARY SCHOOL,Kakamega,Shinyalu,0,60,0
1126,34.841782,0.2182947,Making primary,Kakamega,Shinyalu,3,60,5
1127,34.850093,0.24669667,MULECHE primary,Kakamega,Shinyalu,2,60,3.33333333333333
1128,34.827347,0.20943833,SHIAGUNGU PRIMARY,Kakamega,Shinyalu,1,60,1.66666666666667
1129,34.851663,0.20404833,St Anthony Iloro Primary,Kakamega,Shinyalu,10,60,16.6666666666667
1130,34.924754,0.265592,Chirobani primary school,Kakamega,Shinyalu,14,59,23.728813559322
1131,34.963597,0.2640399,Vikutsa Pri,Kakamega,Shinyalu,1,60,1.66666666666667
1132,34.963546,0.2640784,Liranda,Kakamega,Shinyalu,0,60,0
1133,34.917276,0.3522714,Mashindu s a primary school,Kakamega,Shinyalu,2,60,3.33333333333333
1134,34.927407,0.2005017,Musanyi,Kakamega,Shinyalu,10,60,16.6666666666667
1135,34.929583,0.3867683,Bulovi,Kakamega,Shinyalu,0,60,0
1136,34.873702,0.3518395,Buyangu,Kakamega,Shinyalu,1,60,1.66666666666667
1137,34.877011,0.3671479,Ivakale,Kakamega,Shinyalu,0,60,0
1138,34.917409,0.3519063,Shanderema primary school,Kakamega,Shinyalu,0,58,0
1155,35.278975,0.9400496,Tuigoin,Trans  Nzoia,Cherangany,0,59,0
1156,35.319898,0.9134769,Loima,Trans  Nzoia,Cherangany,0,60,0
1157,35.254585,0.9436776,ST MARY'S KIBUSWA,Trans  Nzoia,Cherangany,0,60,0
1158,35.247033,0.9443554,Moiben pri,Trans  Nzoia,Cherangany,0,61,0
1160,35.199194,1.0109288,Bokoli primary,Trans  Nzoia,Cherangany,0,60,0
1161,35.214657,0.9802954,Bonde primary,Trans  Nzoia,Cherangany,0,60,0
1162,35.198188,1.0245117,Mwaita primary,Trans  Nzoia,Cherangany,0,60,0
1163,35.194821,1.002454,Osorongai primary,Trans  Nzoia,Cherangany,0,60,0
1164,35.22202,1.0478891,Sitamani primary,Trans  Nzoia,Cherangany,1,60,1.66666666666667
1165,35.27566,0.9392248,Bata Muhiu Primary school,Trans  Nzoia,Cherangany,0,60,0
1166,35.105639,0.9460978,Bororiet Primary,Trans  Nzoia,Cherangany,0,58,0
1168,35.102767,0.9602786,Kapchepsir Primary,Trans  Nzoia,Cherangany,1,60,1.66666666666667
1169,35.080232,1.0090066,Nyasiland prymary sch,Trans  Nzoia,Cherangany,0,53,0
1170,35.146272,1.0654034,Kiriita,Trans  Nzoia,Cherangany,0,60,0
1171,35.16907,1.0527022,Baraka,Trans  Nzoia,Cherangany,0,59,0
1172,35.181356,1.0291566,Biribiriet,Trans  Nzoia,Cherangany,0,60,0
1173,35.155918,1.092599,Kapsara,Trans  Nzoia,Cherangany,0,60,0
1174,35.155878,1.121067,Mwanga primary school,Trans  Nzoia,Cherangany,0,60,0
1175,35.174051,0.9803355,Barmalel Primary,Trans  Nzoia,Cherangany,2,60,3.33333333333333
1176,35.163919,1.0118698,Hututu Primary School,Trans  Nzoia,Cherangany,0,60,0
1177,35.159705,0.997046,Kongoli,Trans  Nzoia,Cherangany,0,60,0
1178,35.212604,0.9751993,Nzoia centre primary,Trans  Nzoia,Cherangany,0,60,0
1179,35.15169,0.9660011,Sinoko Primary,Trans  Nzoia,Cherangany,0,60,0
1180,35.150971,1.1122887,Kabolet,Trans  Nzoia,Cherangany,0,60,0
1181,35.154182,1.1438757,Munyaka,Trans  Nzoia,Cherangany,0,58,0
1182,35.111087,1.0963952,Sawa primary,Trans  Nzoia,Cherangany,0,60,0
1183,35.143971,1.1278799,Tumaini,Trans  Nzoia,Cherangany,0,60,0
1184,35.120184,1.1214435,Wiyeta,Trans  Nzoia,Cherangany,0,60,0
1185,35.091725,1.0381958,Chepkoiyo,Trans  Nzoia,Cherangany,0,60,0
1186,35.092634,1.1074437,Kemeloi,Trans  Nzoia,Cherangany,3,60,5
1187,35.076431,1.0439549,Mukuyu,Trans  Nzoia,Cherangany,0,58,0
1188,35.120908,1.0611655,Sinyereri,Trans  Nzoia,Cherangany,1,60,1.66666666666667
1189,35.066581,1.0694315,Taito primary,Trans  Nzoia,Cherangany,0,60,0
1190,34.830163,1.1766449,Cherubai,Trans  Nzoia,Endebess,1,54,1.85185185185185
1191,34.83165,1.1771172,Koronga,Trans  Nzoia,Endebess,0,60,0
1192,34.826613,1.150733,Nai,Trans  Nzoia,Endebess,0,60,0
1193,34.837071,1.1972598,Njoro primary,Trans  Nzoia,Endebess,2,60,3.33333333333333
1194,34.841504,1.1963132,Suam primary,Trans  Nzoia,Endebess,2,59,3.38983050847458
1195,34.856381,1.0362752,Charlim,Trans  Nzoia,Endebess,1,60,1.66666666666667
1196,34.833958,1.0671872,Endebess estate,Trans  Nzoia,Endebess,0,60,0
1197,34.783189,1.0671683,Kipsibor Primary,Trans  Nzoia,Endebess,0,60,0
1198,34.914633,1.0562451,Sabwani,Trans  Nzoia,Endebess,0,60,0
1199,34.833681,1.0306808,Tulwopkesis príimary school,Trans  Nzoia,Endebess,0,60,0
1200,34.773525,1.1227671,Chemkegen,Trans  Nzoia,Endebess,1,59,1.69491525423729
1201,34.868643,1.1069592,Chepsalei primary,Trans  Nzoia,Endebess,0,60,0
1202,34.831252,1.1061283,Mubere,Trans  Nzoia,Endebess,1,60,1.66666666666667
1203,34.800173,1.1239867,Nalulingo primary,Trans  Nzoia,Endebess,0,60,0
1204,34.789419,1.0811733,Titimet,Trans  Nzoia,Endebess,0,60,0
1205,35.026493,1.0137008,Kitale Forest primary,Trans  Nzoia,Kiminini,0,61,0
1206,35.112319,1.0263563,Kibomet primary school,Trans  Nzoia,Kiminini,0,60,0
1207,35.014339,1.0053992,Milimani primary,Trans  Nzoia,Kiminini,0,60,0
1208,35.112319,1.0263563,Naisambu primary school,Trans  Nzoia,Kiminini,0,60,0
1209,35.01884,0.9966608,Shimo la Tewa primary,Trans  Nzoia,Kiminini,0,61,0
1210,34.927522,0.8884601,Kiminini primary,Trans  Nzoia,Kiminini,0,59,0
1211,34.938731,0.8802742,Mitoto Primary,Trans  Nzoia,Kiminini,0,60,0
1212,34.929272,0.86871,Nyamira Primary,Trans  Nzoia,Kiminini,0,60,0
1213,34.924927,0.8906748,At. Brigit,Trans  Nzoia,Kiminini,0,60,0
1214,34.954974,0.9144767,Wekhonye Primary,Trans  Nzoia,Kiminini,0,60,0
1215,34.939526,0.9215196,Baraton,Trans  Nzoia,Kiminini,0,60,0
1216,34.923351,0.9394263,Makindu,Trans  Nzoia,Kiminini,0,60,0
1217,34.91424,0.9292372,Nabiswa,Trans  Nzoia,Kiminini,0,60,0
1218,34.908831,0.9110645,Namawanga,Trans  Nzoia,Kiminini,0,60,0
1219,34.881114,0.9046643,Nyasi,Trans  Nzoia,Kiminini,0,60,0
1220,34.804614,0.8533345,Imani  primary,Trans  Nzoia,Kiminini,0,60,0
1221,34.858433,0.853225,Kabuyefwe,Trans  Nzoia,Kiminini,0,60,0
1222,34.832657,0.8149288,Mucharage primary,Trans  Nzoia,Kiminini,0,60,0
1223,34.85313,0.8263924,Namanda Pry,Trans  Nzoia,Kiminini,0,60,0
1224,34.834904,0.8414584,St veronica weoina,Trans  Nzoia,Kiminini,0,60,0
1225,35.05471,0.9936462,Bikeke Pry,Trans  Nzoia,Kiminini,0,60,0
1226,35.096644,0.9111081,Kaptein,Trans  Nzoia,Kiminini,0,60,0
1228,35.064596,0.9935373,Misemwa,Trans  Nzoia,Kiminini,1,60,1.66666666666667
1229,35.079477,0.9537615,Toror,Trans  Nzoia,Kiminini,1,60,1.66666666666667
1230,35.112254,0.8824334,Kapkoi sisal,Trans  Nzoia,Kiminini,0,60,0
1231,34.979732,0.9502011,Mabonde primary,Trans  Nzoia,Kiminini,0,60,0
1232,35.040998,0.9405985,Mosoriot,Trans  Nzoia,Kiminini,0,60,0
1233,35.003286,0.9072556,Nyabomo primary,Trans  Nzoia,Kiminini,0,60,0
1234,34.997801,0.9384311,Wamuini,Trans  Nzoia,Kiminini,0,59,0
1237,35.040622,1.0455249,Makunga primary,Trans  Nzoia,Kwanza,0,60,0
1238,35.017159,1.0378982,Maziwa,Trans  Nzoia,Kwanza,1,60,1.66666666666667
1239,35.027642,1.0587463,Pombo,Trans  Nzoia,Kwanza,0,60,0
1240,35.00985,1.030754,30415,Trans  Nzoia,Kwanza,0,60,0
1241,34.948758,1.0748445,Kitubo Pry,Trans  Nzoia,Kwanza,0,60,0
1242,34.998759,1.0700072,Namanjalala primary,Trans  Nzoia,Kwanza,0,60,0
1243,34.910912,1.1117903,Ndalala Pry,Trans  Nzoia,Kwanza,0,60,0
1244,34.900927,1.1215917,Soymining Primary,Trans  Nzoia,Kwanza,0,60,0
1245,34.996911,1.0878888,Tembelela Pry,Trans  Nzoia,Kwanza,0,60,0
1246,35.021216,1.0220513,Matusi primary,Trans  Nzoia,Kwanza,0,60,0
1247,34.974242,1.1426986,Kiptumet primary,Trans  Nzoia,Kwanza,0,60,0
1248,35.083164,1.2213193,Kolongolo Primary,Trans  Nzoia,Kwanza,0,60,0
1249,35.076253,1.2150486,Siambe Primary,Trans  Nzoia,Kwanza,0,60,0
1250,34.810202,1.2019706,Ukingoni primary,Trans  Nzoia,Kwanza,0,54,0
1251,35.023368,1.0882039,Amuka primary,Trans  Nzoia,Kwanza,2,60,3.33333333333333
1252,35.10302,1.1666607,Karaus primary,Trans  Nzoia,Kwanza,0,60,0
1253,34.991268,1.1188509,Mukuyuni Primary,Trans  Nzoia,Kwanza,0,60,0
1254,34.984628,1.189504,Nasianda Primary,Trans  Nzoia,Kwanza,0,60,0
1255,35.013968,1.1847517,Ng'eng'e Primary,Trans  Nzoia,Kwanza,0,60,0
1256,34.84149,0.9877666,Kisawai pri,Trans  Nzoia,Saboti,0,60,0
1257,34.890226,0.9898498,Lungai primary,Trans  Nzoia,Saboti,0,53,0
1258,34.897645,0.9691633,Makhele primary school,Trans  Nzoia,Saboti,0,60,0
1260,34.801235,0.983857,Teldet primary school,Trans  Nzoia,Saboti,0,60,0
1261,34.805023,0.9065501,Chemichemi,Trans  Nzoia,Saboti,0,60,0
1262,35.037097,0.7836382,Lukhome,Trans  Nzoia,Saboti,1,60,1.66666666666667
1263,34.829768,0.9091137,Mwitha Pri,Trans  Nzoia,Saboti,0,60,0
1264,34.80766,0.8602483,St James bondeni,Trans  Nzoia,Saboti,1,60,1.66666666666667
1265,34.798838,0.890245,Wetangula Rc,Trans  Nzoia,Saboti,0,60,0
1266,34.98936,1.0158458,Chetoto primary,Trans  Nzoia,Saboti,1,60,1.66666666666667
1267,34.981652,1.0234907,Lukhuna primary,Trans  Nzoia,Saboti,0,60,0
1268,34.97667,1.0374693,Matisi Primary School,Trans  Nzoia,Saboti,3,60,5
1269,34.937832,0.9909754,Mungoma Primary,Trans  Nzoia,Saboti,0,60,0
1270,34.983598,0.9775637,St.Joseph's primary,Trans  Nzoia,Saboti,0,60,0
1271,34.82613,0.9230604,Chebukaka primary,Trans  Nzoia,Saboti,2,59,3.38983050847458
1272,34.81764,0.9599033,Chepterwa,Trans  Nzoia,Saboti,0,60,0
1273,34.872578,0.9221715,Koy koy primary,Trans  Nzoia,Saboti,0,60,0
1274,34.778978,0.9393902,Sikinwa,Trans  Nzoia,Saboti,0,60,0
1275,34.850517,0.9786341,Sukwo Primary,Trans  Nzoia,Saboti,0,60,0
1276,34.997021,1.0231083,GK Remand primary,Trans  Nzoia,Saboti,1,60,1.66666666666667
1277,34.987102,1.0305636,Kaloleni Annex,Trans  Nzoia,Saboti,0,60,0
1278,34.988307,1.0300518,Kaloleni Pry,Trans  Nzoia,Saboti,0,60,0
1279,34.983146,1.0201996,Masinde muliro pry,Trans  Nzoia,Saboti,2,60,3.33333333333333
1280,34.990071,1.0347408,Tuwan primary,Trans  Nzoia,Saboti,0,60,0
1281,34.609099,0.0822139,Emusire primary,Vihiga,Emuhaya,0,60,0
1282,34.617385,0.09627,Emanyinya Primary,Vihiga,Emuhaya,2,60,3.33333333333333
1283,34.609978,0.1120981,Esirulo primary,Vihiga,Emuhaya,1,60,1.66666666666667
1284,34.594265,0.0594786,Ebulondi,Vihiga,Emuhaya,1,60,1.66666666666667
1285,34.593969,0.0594292,Ebulondi Primary,Vihiga,Emuhaya,0,60,0
1286,34.64745,0.1193161,Ilungu,Vihiga,Emuhaya,0,60,0
1287,34.6511,0.1025692,Mwituha,Vihiga,Emuhaya,0,60,0
1288,34.664056,0.0953624,Ebbitsi,Vihiga,Emuhaya,2,60,3.33333333333333
1289,34.669943,0.0935705,Ikumu,Vihiga,Emuhaya,0,60,0
1290,34.65743,0.0908968,Ebunangwe,Vihiga,Emuhaya,1,60,1.66666666666667
1291,34.566123,0.0870835,Emwatsi,Vihiga,Emuhaya,0,60,0
1292,34.586009,0.0961313,Emabwi,Vihiga,Emuhaya,1,60,1.66666666666667
1293,34.610693,0.1111467,Isanda primary,Vihiga,Emuhaya,0,60,0
1294,34.593352,0.0897397,Ebukanga,Vihiga,Emuhaya,0,60,0
1295,34.571623,0.0793162,Ebuyalu,Vihiga,Emuhaya,0,60,0
1296,34.821651,0.0457033,Givogi primary,Vihiga,Hamisi,0,60,0
1297,34.837457,0.0521886,Goibei primary,Vihiga,Hamisi,0,60,0
1298,34.827613,0.0386576,Banja Muslim pri,Vihiga,Hamisi,1,61,1.63934426229508
1299,34.841551,0.0724541,Kapsotik primary,Vihiga,Hamisi,0,60,0
1300,34.833257,0.0322833,Jeviriri,Vihiga,Hamisi,0,60,0
1301,34.757127,0.0392201,Galona primary,Vihiga,Hamisi,0,59,0
1302,34.774323,0.071088,Gamoi primary school,Vihiga,Hamisi,0,60,0
1303,34.796345,0.0338807,gamuguywa,Vihiga,Hamisi,0,59,0
1304,34.770354,0.0455189,Jeblebuk primary school,Vihiga,Hamisi,0,60,0
1305,34.769485,0.0373866,Lwombei primary school,Vihiga,Hamisi,1,60,1.66666666666667
1306,34.745998,0.039499,Buyangu pry,Vihiga,Hamisi,1,60,1.66666666666667
1307,34.734165,0.0382785,Givole primary school,Vihiga,Hamisi,0,53,0
1308,34.749721,0.0215001,Kapchemaun,Vihiga,Hamisi,0,59,0
1309,34.730065,0.015835,Mudindi primary school,Vihiga,Hamisi,1,60,1.66666666666667
1310,35.078648,0.7978977,St Joseph's Nyorotis primary School,Vihiga,Hamisi,0,60,0
1311,34.846447,0.225526,Muhudu pri,Vihiga,Hamisi,1,60,1.66666666666667
1312,34.819276,0.1755587,Irovo Primary school,Vihiga,Hamisi,0,60,0
1313,34.818163,0.1784378,Jinjini primary,Vihiga,Hamisi,1,60,1.66666666666667
1314,34.831931,0.1326076,Jivuye Primary school,Vihiga,Hamisi,0,60,0
1315,34.835417,0.1734889,Muyere primary school,Vihiga,Hamisi,0,60,0
1316,34.828597,0.1189726,Bumira,Vihiga,Hamisi,1,60,1.66666666666667
1317,34.816895,0.0984704,Bumuyange,Vihiga,Hamisi,0,55,0
1318,34.828513,0.0857872,Kamuluguywa,Vihiga,Hamisi,0,60,0
1319,34.83466,0.0751398,Kaptieni,Vihiga,Hamisi,0,58,0
1320,34.821108,0.0909517,Shamalago,Vihiga,Hamisi,0,57,0
1321,34.909543,0.1521961,ADC - Mwanzo Primary School,Vihiga,Hamisi,0,60,0
1322,34.865087,0.1263844,Cheptulu sunrise,Vihiga,Hamisi,2,60,3.33333333333333
1323,34.862421,0.1286854,Shipala primary,Vihiga,Hamisi,3,60,5
1324,34.920787,0.1809482,Irokose primary,Vihiga,Hamisi,1,60,1.66666666666667
1325,34.880552,0.1456983,Kaptik Primary school,Vihiga,Hamisi,0,60,0
1326,34.801463,0.02439,Bahati primary,Vihiga,Hamisi,0,60,0
1327,34.794047,0.0257767,Malinda,Vihiga,Hamisi,0,60,0
1328,34.78346,0.0144953,Muhaya,Vihiga,Hamisi,0,60,0
1329,34.818102,0.03798,Mukisangura primary,Vihiga,Hamisi,0,60,0
1330,34.8057,0.0370729,Mwembe,Vihiga,Hamisi,0,60,0
1331,34.635408,0.0377556,Ibubi primary school,Vihiga,Luanda,2,60,3.33333333333333
1332,34.620827,0.0071828,Emmatsi,Vihiga,Luanda,2,60,3.33333333333333
1333,34.650563,0.0334383,Ebwali,Vihiga,Luanda,4,60,6.66666666666667
1334,34.633655,0.0201552,Hobunaka pri,Vihiga,Luanda,0,60,0
1335,34.599788,0.0151717,Ebusakami,Vihiga,Luanda,8,60,13.3333333333333
1336,34.581365,-0.0005743,Ebussamba,Vihiga,Luanda,1,59,1.69491525423729
1337,34.580981,-0.0283952,Esunga primary,Vihiga,Luanda,3,60,5
1338,34.567044,-0.039734,Ebumbai Primary,Vihiga,Luanda,3,60,5
1339,34.572721,-0.0209859,Ekwanda primary,Vihiga,Luanda,1,60,1.66666666666667
1340,34.569771,-0.0310039,Kayila Primary,Vihiga,Luanda,8,60,13.3333333333333
1341,34.606099,0.0446507,Ekamanji,Vihiga,Luanda,1,60,1.66666666666667
1342,34.600992,0.0313583,Epanga primary,Vihiga,Luanda,3,60,5
1343,34.607067,0.0236276,Ebusiralo,Vihiga,Luanda,0,60,0
1344,34.584686,0.0245601,Mumboha,Vihiga,Luanda,3,60,5
1345,34.58813,0.0372665,Mulwakhi primary,Vihiga,Luanda,5,60,8.33333333333333
1346,34.571812,-0.0136459,Emutsuru,Vihiga,Luanda,9,60,15
1347,34.577384,0.0048621,Ebukuya primary,Vihiga,Luanda,6,60,10
1348,34.558498,0.0335842,Mulwanda primary,Vihiga,Luanda,6,60,10
1349,34.551224,0.0129338,Ebusyubi primary,Vihiga,Luanda,10,60,16.6666666666667
1350,34.566504,0.0057847,Ebwiranyi Primary,Vihiga,Luanda,10,60,16.6666666666667
1351,34.629813,0.0606107,Irumbi primary school,Vihiga,Luanda,1,60,1.66666666666667
1352,34.637663,0.0548845,Elukhambi primary,Vihiga,Luanda,0,61,0
1353,34.65516,0.05608,Musitinyi primary,Vihiga,Luanda,0,59,0
1354,34.658176,0.0432513,Itabalia primary school,Vihiga,Luanda,0,60,0
1355,34.622433,0.0542517,Ebusiratsi primary,Vihiga,Luanda,3,60,5
1356,34.795484,0.1460332,Moses mudavadi primary,Vihiga,Sabatia,0,60,0
1357,34.837031,0.1230612,Maganyi primary school,Vihiga,Sabatia,3,60,5
1358,34.812686,0.1504859,Chavogere primary,Vihiga,Sabatia,1,59,1.69491525423729
1359,34.78054,0.1443177,Budaywa Primary,Vihiga,Sabatia,0,60,0
1360,34.784273,0.1311942,Chekombero Primary,Vihiga,Sabatia,1,60,1.66666666666667
1361,34.69099,0.1087547,Wanodi,Vihiga,Sabatia,1,60,1.66666666666667
1362,34.734539,0.0994256,Chavakali,Vihiga,Sabatia,1,60,1.66666666666667
1363,34.756642,0.1195807,Evojo,Vihiga,Sabatia,2,60,3.33333333333333
1364,34.68702,0.1021817,Wamage Primary,Vihiga,Sabatia,1,60,1.66666666666667
1365,34.693415,0.1131237,Kigunga primary,Vihiga,Sabatia,0,60,0
1366,34.682127,0.0906697,Nadanya primary,Vihiga,Sabatia,0,60,0
1367,34.742238,0.104927,Bukulunya primary school,Vihiga,Sabatia,2,60,3.33333333333333
1368,34.744178,0.0967828,Homunoywa primary,Vihiga,Sabatia,0,60,0
1369,34.725174,0.10285,Boyusuf primary school,Vihiga,Sabatia,0,60,0
1370,34.702032,0.0932848,Munugi Primary,Vihiga,Sabatia,0,61,0
1371,34.764592,0.1006304,Digula primary,Vihiga,Sabatia,1,60,1.66666666666667
1372,34.767316,0.0921501,Friends kigama,Vihiga,Sabatia,1,60,1.66666666666667
1373,34.75795,0.0851804,Inyali primary,Vihiga,Sabatia,2,60,3.33333333333333
1374,34.776432,0.1225892,Vohovole primary,Vihiga,Sabatia,0,60,0
1375,34.762266,0.0788115,Muhindu,Vihiga,Sabatia,0,60,0
1376,34.749807,0.1259658,Kisatiru,Vihiga,Sabatia,1,60,1.66666666666667
1377,34.706223,0.128362,Galoni primary,Vihiga,Sabatia,0,59,0
1378,34.725189,0.1223328,Madegwa,Vihiga,Sabatia,1,60,1.66666666666667
1379,34.697059,0.1250131,Selelwe,Vihiga,Sabatia,0,60,0
1380,34.795845,0.0970694,Nabwani primary,Vihiga,Sabatia,0,60,0
1381,34.776351,0.1064061,Gaigedi primary school,Vihiga,Sabatia,2,60,3.33333333333333
1382,34.810068,0.1127162,Losengeli primary school,Vihiga,Sabatia,1,60,1.66666666666667
1383,34.806519,0.0975269,Gahumbwa primary school,Vihiga,Sabatia,1,60,1.66666666666667
1384,34.797566,0.1141444,Givudianyi primary school,Vihiga,Sabatia,0,60,0
1385,34.742881,0.0654571,Matsigulu,Vihiga,Vihiga,0,59,0
1386,34.718881,0.0592667,Chavugami,Vihiga,Vihiga,1,60,1.66666666666667
1387,34.737294,0.0579826,Kindinye,Vihiga,Vihiga,2,59,3.38983050847458
1388,34.722123,0.0344483,Emanda,Vihiga,Vihiga,1,60,1.66666666666667
1389,34.700094,0.0380381,Womulalu Primary,Vihiga,Vihiga,0,60,0
1390,34.717603,0.067774,Chambiti primary,Vihiga,Vihiga,1,60,1.66666666666667
1391,34.710411,0.0709601,Chanda Primary,Vihiga,Vihiga,1,60,1.66666666666667
1392,34.675889,0.0474149,Kedohi primary,Vihiga,Vihiga,0,60,0
1393,34.683808,0.0543963,Madira primary,Vihiga,Vihiga,0,60,0
1394,34.723875,0.0686033,Lwang'ele primary,Vihiga,Vihiga,0,60,0
1395,34.680301,0.0189125,Chambale,Vihiga,Vihiga,0,60,0
1396,34.668745,0.0081945,Inavi primary,Vihiga,Vihiga,0,60,0
1397,34.681653,0.0322222,Madzu primary,Vihiga,Vihiga,1,50,2
1398,34.668498,0.0148142,Chavavo primary school,Vihiga,Vihiga,0,60,0
1399,34.690907,0.0299317,Vigina primary school,Vihiga,Vihiga,0,59,0
1400,34.685593,0.0144667,Chandolo,Vihiga,Vihiga,0,60,0
1401,34.691676,-0.005717,Gilwadzi,Vihiga,Vihiga,0,60,0
1402,34.692897,0.0082651,Lyamidi,Vihiga,Vihiga,2,60,3.33333333333333
1403,34.679405,0.0102421,Mazdugi,Vihiga,Vihiga,0,60,0
1404,34.692676,0.0198462,Vigetse,Vihiga,Vihiga,4,60,6.66666666666667
